Company Name,Fiscal Period,Current Ratio_Current Year,Debt to Equity_Current Year,Debt Ratio_Current Year,Equity Ratio_Current Year,ROA_Current Year,ROE_Current Year,Profit Margin_Current Year,Gross Margin_Current Year,Asset Turnover_Current Year,EPS (Basic)_Current Year,EPS (Diluted)_Current Year,Book Value Per Share_Current Year,Current Ratio_Previous Year,Debt to Equity_Previous Year,Debt Ratio_Previous Year,Equity Ratio_Previous Year,ROA_Previous Year,ROE_Previous Year,Profit Margin_Previous Year,Gross Margin_Previous Year,Asset Turnover_Previous Year,EPS (Basic)_Previous Year,EPS (Diluted)_Previous Year,Book Value Per Share_Previous Year
ASIA AMALGAMATED HOLDINGS CORPORATION,"Dec 31, 2013",0.016773778312101403,-1.2112974259336573,5.73266532037157,-4.73266532037157,-0.3303445356129607,0.06980095004626796,-4011.608823529412,-4011.608823529412,8.23471455330791e-05,0.0,0.0,-0.02,0.17035445978584698,-1.217458404567417,5.598580597467673,-4.598580597467673,-0.783577545084322,0.17039552280889,-530.4344922075697,-530.4344922075697,0.0014772371642409938,0.0,0.0,-0.02
"ABACORE CAPITAL HOLDINGS, INC.","Dec 31, 2024",0.449070669213763,0.2181845941382705,0.1791063482399494,0.8208936517600506,0.09913929101084482,0.12076995698320188,0.76354402398336,0.9527669836587971,0.129840962533688,0.6,0.6,5.01,0.5246284933111278,0.21747103659921302,0.17862522397795955,0.8213747760220405,0.10458107806023843,0.12732443351466172,0.8042017789290955,0.945949119671545,0.13004333091565953,0.56,0.56,4.36
ASIABEST GROUP INTERNATIONAL INC.,"Dec 31, 2024",53.33059901160325,0.019109278679922435,0.01875096133426943,0.9812490386657305,-0.006426535891595235,-0.006549342356894252,0.0,0.0,0.0,0.0,0.0,0.83,51.17235001300952,0.01993129681469382,0.019541803332185654,0.9804581966678143,-0.00866868272818447,-0.008841460816632325,0.0,0.0,0.0,0.0,0.0,0.84
AYALA CORPORATION,"Dec 31, 2024",1.5016099917298522,1.4109286022255356,0.5852220596342435,0.41477794036575655,0.035134706033894354,0.08470726770790202,0.18868207103517745,0.11041746407208901,0.18621115319082926,64.77,64.69,652.22,1.6472711659997428,1.38348600775705,0.5804464566834032,0.41955354331659683,0.03429844108517311,0.08174985441438964,0.19032581760380765,0.09460407697291,0.18020908312381753,58.75,58.64,598.15
ACEN CORPORATION,"Dec 31, 2024",1.9929762311093202,1.0930864654681816,0.5222366507556964,0.4777633492443037,0.03068643727182875,0.06422936652710311,0.27110906204174423,0.07933048549986137,0.11318853394544143,0.19,0.19,3.72,3.5711037810144286,0.6434439311812602,0.39152168137477694,0.6084783186252231,0.03196069960183692,0.0525256177969462,0.2495038443789884,-0.07402458025509812,0.12809702263861567,0.17,0.17,3.62
"ALSONS CONSOLIDATED RESOURCES, INC.","Dec 31, 2024",0.8042270189470391,1.366277178196148,0.5773952395710816,0.4226047604289183,0.0502975764857431,0.11901800735678912,0.20127861124336238,0.33304433081151535,0.24989031956768223,0.11,0.11,2.28,0.9280827933222976,1.4423151224962294,0.5905524267573118,0.4094475732426882,0.04765529462317077,0.11638924672518322,0.1839420668133096,0.30123397337357666,0.25907773816382146,0.1,0.1,2.07
"ABOITIZ EQUITY VENTURES, INC.","Dec 31, 2024",1.6019995400091196,1.2547380703918647,0.5564895039776376,0.4435104960223623,0.042405057074631734,0.09561229656331205,0.1251460126464253,0.16707151622983538,0.33884465176240675,3.25,3.25,51.01,2.2329826742722343,1.221613318388065,0.5498766631784646,0.45012333682153544,0.0514720126541224,0.11435090883663733,0.138179553414375,0.12248018665716967,0.3725009336205287,4.19,4.19,48.39
"ALLIANCE GLOBAL GROUP, INC.","Dec 31, 2024",2.6273821379533384,0.982268066733594,0.49552736242792206,0.5044726375720779,0.03387882495503208,0.0671569128468173,0.1277632375472143,0.2092335537450956,0.2651688044654655,1.98,1.98,33.06,2.3701218877205283,0.9832931707932756,0.49578810902675524,0.5042118909732448,0.03878308078066731,0.07691821925462142,0.1482195745717941,0.21503004563439268,0.26165964173565814,2.22,2.22,28.98
ALTERNERGY HOLDINGS CORPORATION,"Jun 30, 2025",2.7332637550388728,3.163196281369207,0.7597999391352069,0.24020006080884848,0.009231197345837421,0.03843128646492567,0.4584386127758315,0.21702409204093415,0.020136168918980905,0.03,0.03,0.92,4.985374505938191,1.0352638364851705,0.5086632101089336,0.49133678989106644,0.014816273255229736,0.030155025147851497,0.47131047459608033,0.19612534361849981,0.03143633348681141,0.01,0.01,0.9
"AGRINURTURE, INC.","Dec 31, 2024",1.3913349011158338,0.6677557443650203,0.4003918045323761,0.59960817695865,-0.043185153418101474,-0.0720222890173821,-0.139918272774618,-0.11712593313055648,0.30864555830863233,-0.25,-0.25,3.46,1.1861401718013596,0.6526028066829127,0.3948939237207338,0.6051060762792663,-0.028160575341185153,-0.0465382458466482,-0.04937578582793702,-0.03242945858981847,0.5703316892883107,-0.18,-0.18,3.79
A. SORIANO CORPORATION,"Dec 31, 2024",8.753537606893742,0.15643032959602124,0.13526999905879972,0.8647300009412002,0.14840447539480733,0.17161943639434166,0.2851047792323045,0.2922107382547898,0.5205260879681248,3.81,3.81,22.05,11.463637908833684,0.1544372027069726,0.13377704940973992,0.8662229505902601,0.09566438073905756,0.1104385200990924,0.19199173873595596,0.22146493070963308,0.4982734224342001,2.08,2.08,18.88
ABOITIZ POWER CORPORATION,"Dec 31, 2024",1.5575717315455733,1.3975174708798905,0.5829018924174932,0.4170981075825067,0.07289188339665661,0.17475956392882405,0.19104551526797325,0.20859001069596364,0.381541975975796,4.7,4.7,28.2,1.7916661644837943,1.51076118228303,0.6017144095358755,0.39828559046412454,0.07487410469017677,0.1879909956142916,0.17607654338910655,0.153477039150821,0.4252361118011876,4.52,4.52,25.0
ANGLO PHILIPPINE HOLDINGS CORPORATION,"Dec 31, 2024",3.0973155838168833,0.4686106452521627,0.319084331008442,0.680915668991558,-0.0036031500917919693,-0.005291624581246993,-7.134305199302303,-7.187202529852072,0.0005050456899635214,-0.01,-0.01,2.6,2.9784234644815566,0.4916561419812544,0.32960420846605076,0.6703957915339492,0.029578072696869764,0.04412031380625383,56.974176356239894,-6.393039503525868,0.0005191487545502767,0.11,0.11,2.51
RASLAG CORP.,"Dec 31, 2024",0.4428059274529802,1.1498880081652232,0.5348594921214389,0.4651405078785611,0.013988001663485565,0.03007263703452281,0.1504426589810541,0.3476987971098944,0.09297895795132904,0.04,0.04,1.46,1.2893968187868237,1.0238317189585981,0.5058877718773133,0.4941122281226867,0.03079538380678732,0.062324674545680164,0.2960582246294482,0.4664828758340061,0.1040179979641889,0.09,0.09,1.47
"ATN HOLDINGS, INC.","Mar 31, 2025",1.8478524282079776,0.5061594554038078,0.3360596738863245,0.6639403261136755,0.0006479234544594245,0.0009758760373119607,0.0621597758498137,0.37921497006858845,0.010423516584501429,0.0,0.0,0.37,1.4613707176781374,0.4821356586484604,0.3252979279157978,0.6747020720842022,-0.0019054323602037343,-0.0028241092462006523,-0.5988720605519298,0.302147323050873,0.003181701878774672,0.0,0.0,0.31
AXELUM RESOURCES CORP.,"Dec 31, 2024",3.7892387620858847,0.15887806591731002,0.13709644749514702,0.862903552504853,0.05566027308026848,0.06450346961569085,0.09374963398094985,0.0963718966010824,0.5937118974947548,0.18,0.18,2.81,3.9018499901508608,0.12841789472764187,0.11380349011448207,0.8861965098855179,-0.07282955784683713,-0.08218217633947296,-0.14405544285251398,-0.030053850922051758,0.505566165392314,-0.22,-0.22,2.62
"BHI HOLDINGS, INC.","Dec 31, 2024",0.7905636118159082,0.045152171934508725,0.04320152906627461,0.9567984709337254,0.0015653376719413118,0.0016360160676403696,0.05399531840010022,0.07844245183635856,0.028990248012657455,0.32,0.32,198.13,0.7565935173473977,0.04564669371502385,0.043654031509293145,0.9563459684907069,0.0029828754447017974,0.003119033846516166,0.10282015805204471,0.1282455449742363,0.029010609409800252,0.62,0.62,197.8
"BOGO-MEDELLIN MILLING COMPANY, INC.","Sep 30, 2021",1.8929736571541447,0.3951617001701707,0.2832372047784655,0.7167627952215345,-0.13071453942891595,-0.18236791906660718,-0.1563293023946279,-0.12484785445838212,0.8361486773538358,-5.66,-5.66,31.04,1.993978773885263,0.3665042630998813,0.2682057224384177,0.7317942775615822,-0.18234575328627617,-0.2491762492238556,-0.3084612957119262,-0.3005623851212058,0.5911462988101105,-9.13,-9.13,36.65
BASIC ENERGY CORPORATION,"Dec 31, 2024",1.1023411646273515,3.5571235098580285,0.7805633317076469,0.2194366682923531,0.0008614452068417329,0.003925712204552973,0.0005972519255260369,0.024516206672922654,1.4423481449356643,0.0,0.0,0.28,1.108925268325167,2.9577581836687115,0.7473317081052605,0.2526682918947395,0.0033425955134296016,0.013229184747970324,0.0015543308278044544,0.02471063590529093,2.150504547446397,0.0,0.0,0.27
CONCRETE AGGREGATES CORPORATION,"Dec 31, 2024",12.058183928730248,0.12812712868772336,0.11357507981991824,0.8864249201800818,0.1232611569678627,0.13905425508888172,0.6767079195943091,1.3406549919158168,0.18214824062020524,1.64,1.64,11.78,8.409573721604119,0.15549590707402527,0.13457071212634217,0.8654292878736578,0.08274409946832442,0.0956104682701749,0.495791904182288,1.4887608437636373,0.16689280073016655,1.07,1.07,11.21
"CENTRAL AZUCARERA DE TARLAC, INC.","Jun 30, 2025",1.1504103631875557,0.5020699790352282,0.334252056190954,0.665747943809046,0.07512462930721427,0.11284245036851662,0.3531870824038187,0.15238299490418053,0.21270491773342956,2.11,2.11,18.71,1.7915201975916386,0.68538213922488,0.4066627521875202,0.5933372478124799,0.25836398955910983,0.4354420534218071,0.318944522853743,0.5072008330030003,0.8100593396224794,9.18,9.18,16.23
"CONCREAT HOLDINGS PHILIPPINES, INC.","Dec 31, 2024",1.0889186981706984,1.879833794265952,0.6527577383142376,0.3472422616857625,-0.46144399555345816,-1.3288820125559566,-1.4605841300889724,-0.1614524588684071,0.31593113059865235,0.0,0.0,1.31,1.0004785486584673,0.603647691578233,0.3764216384610961,0.6235783615389039,-0.03006771590984364,-0.048218023209850865,-0.11693796359226848,-0.0909068334416419,0.25712535934593284,0.0,0.0,3.11
CONCEPCION INDUSTRIAL CORPORATION,"Dec 31, 2024",2.0683243479441185,0.800645677673308,0.4446436562177279,0.5553563437822722,0.09110389547536951,0.16404583560692496,0.06773588678382111,0.08301605634856964,1.3449871227954442,1.95,0.0,13.8,2.1608295116717477,0.7668388637876324,0.434017430510745,0.565982569489255,0.05450440663568272,0.09630050389160875,0.04551347253815917,0.06291601964530441,1.1975444543367992,0.96,0.0,12.7
"CENTURY PACIFIC FOOD, INC.","Dec 31, 2024",2.468389400094825,0.5424569061411904,0.3516836703712331,0.648316329628767,0.11472900739298332,0.1769645497880308,0.08395298490685137,0.1058964523797882,1.3665863997602823,1.79,1.79,10.11,2.4980644253729376,0.5689882418901442,0.3626465939634384,0.6373534060365615,0.10824471988697897,0.16983469274936225,0.08311678385516132,0.10277127146532493,1.302320841427231,1.58,1.58,9.27
"COSCO CAPITAL, INC.","Dec 31, 2024",3.421525469027446,0.6125505569079642,0.37986440442680974,0.6201355955731902,0.06211051779217994,0.10015635005562178,0.06441576139018038,0.08268745047167718,0.9642130505290921,1.36,0.0,22.68,3.271137568390007,0.6003050473509264,0.3751191364075522,0.6248808635924479,0.054615744655234666,0.08740185183660143,0.05697469647239154,0.07912123809119082,0.9585965004956198,1.06,0.0,20.51
CITICORE RENEWABLE ENERGY CORPORATION,"Dec 31, 2024",3.0055786198189334,1.6601605064341176,0.6240828335052322,0.3759171664947678,0.021110471986944983,0.05615724385185482,0.19665451404927803,0.34435306808303906,0.1073480163371947,0.08,0.0,1.89,4.890444344256697,1.5871437927382457,0.6134733589965654,0.3865266410034346,0.04081490371085751,0.1055940247867542,0.24705348044498224,0.3374588478614968,0.16520675457533907,0.1,0.0,1.05
CROWN ASIA CHEMICALS CORPORATION,"Dec 31, 2024",8.238087488464036,0.15040517502563097,0.13074104523415409,0.8692589547658459,0.07768851228019111,0.08937326656717413,0.12895004939481608,0.16161490901293168,0.602469814046572,0.31,0.31,3.52,5.203677950234448,0.2347853348858568,0.1901426330978901,0.80985736690211,0.09965055950546449,0.12304704949051798,0.16449885068321526,0.212178887728087,0.6057827096759917,0.41,0.41,3.3
DEL MONTE PACIFIC LIMITED,"Apr 30, 2025",0.18966505609696174,-4.641207878194559,1.2746341415958475,-0.27463414159584754,0.021604815436850014,-0.0786676241755977,0.061886997992285815,0.1340811065861892,0.3491010412161702,148.08999999999997,148.08999999999997,-2116.33,1.029454154882205,11.296566081113644,0.9186764830601036,0.08132351693989633,-0.006439036675909959,-0.07917803998404115,-0.028198894778899506,0.10024085266344779,0.22834358319348463,-75.52,-75.52,394.12
"DMCI HOLDINGS, INC.","Dec 31, 2024",2.6085532589667366,0.9259112573589764,0.4807652760847812,0.5192347239152187,0.09536357270046986,0.18366177820580606,0.26868136477184656,0.23158178605932173,0.35493184568810265,1.43,1.43,9.03,2.7707715198859004,0.8044264087257339,0.445807268634364,0.5541927313656361,0.14853880471721828,0.26802734195230327,0.29990376711501804,0.2846132310292493,0.4952882257736069,1.86,1.86,8.21
"D&L INDUSTRIES, INC.","Dec 31, 2024",1.2533374993607176,1.2198364187190516,0.5495163555443214,0.4504836444556785,0.04842198411589719,0.10748888380710402,0.05758213461352333,0.08954756710545353,0.8409202687759537,0.33,0.33,3.05,1.249010796244141,1.0426545357371098,0.5104409568507182,0.48955904314928184,0.05385114794971824,0.10999929161414211,0.06851513292557616,0.1074534807678503,0.7859745088462935,0.32,0.32,2.92
EAST COAST VULCAN MINING CORPORATION,"Dec 31, 2024",0.24742636231681348,0.6457323188158407,0.3923677693104226,0.6076322306895774,-0.03799359920934512,-0.06252729412695524,-0.2746825624142767,0.07757853814901046,0.1383182058424339,-0.01,0.0,0.21,1.3201375654295122,0.6607817560022411,0.39787392510431063,0.6021260748956894,0.0599901501243469,0.09963054686635091,0.35798932654904947,0.520539191373868,0.16757524785065742,0.03,0.0,0.22
EEI CORPORATION,"Dec 31, 2024",1.5777535551188535,1.1272217315603892,0.5299032605940585,0.47009673940594154,-0.12047184581405246,-0.2562703284568449,-0.3240474206240619,-0.12410230872639745,0.3717722720398254,-4.58,-4.58,3.13,1.198366762692371,1.3217070523666397,0.569282438548547,0.43071756145145307,0.005277706210088354,0.012253287728281341,0.008440449040548014,0.13565740941179705,0.6252873733061112,-0.14,-0.14,6.67
EMPERADOR INC.,"Dec 31, 2024",4.077502415427346,0.5869114479572437,0.3698451156255424,0.6301548843744577,0.04065402192585864,0.06451433279964985,0.10676822994905617,0.14705673117818696,0.380768904244797,0.4,0.39,6.32,3.40285913824519,0.5586678941900491,0.3584265104019205,0.6415734895980795,0.06014339451814024,0.09374357808303099,0.13866719026673702,0.17631606403275413,0.43372476504679863,0.56,0.53,5.97
"EURO-MED LABORATORIES PHIL., INC.","Dec 31, 2024",1.3603744999175076,0.8613107233509434,0.46274419018030144,0.5372558098196986,0.03083841321443664,0.05739986920715836,0.058260020620172034,0.11542865525795468,0.5293237607224448,0.08,0.08,1.43,1.3106897381230047,0.8415007410391276,0.45696464969342504,0.5430353503065749,0.026936930975185663,0.04960437835212423,0.055081734545632484,0.12397110737288,0.48903563399714206,0.05,0.05,1.42
"SAN MIGUEL FOOD AND BEVERAGE, INC.","Dec 31, 2024",1.2355148835535448,1.0928358556848643,0.5221794402634803,0.4778205597365197,0.10854507751136286,0.227167030173873,0.10210990041709074,0.13917659502285018,1.0630220680657427,4.36,0.0,19.65,1.3192082168375272,1.1037459716760785,0.5246574379874921,0.4753425620125079,0.10710420912093317,0.22532004848771545,0.10032330933963804,0.12745707199688275,1.0675904715058675,3.91,0.0,18.48
"FIGARO CULINARY GROUP, INC.","Jun 30, 2024",1.1933696831616882,0.40645182059640805,0.28899093068403264,0.7110090693159674,0.14458214190475688,0.20334781670767355,0.11536637571131265,0.1262283597418926,1.2532433389998519,0.12,0.11,0.57,2.752047562964076,0.2852898604030056,0.22196538632425863,0.7780346136757413,0.13834008518213878,0.17780710877189107,0.10797180302611824,0.1351711598494407,1.2812612302924542,0.09,0.08,0.48
FILINVEST DEVELOPMENT CORPORATION,"Dec 31, 2024",2.1150824794230267,3.3656939529931313,0.7709413415673819,0.2290586584326181,0.019293024549368192,0.08422744061012476,0.1542671038183748,0.15760520457084584,0.12506246679838295,1.4,1.4,21.55,2.7000354909062123,3.1360024649410674,0.7582206469951297,0.2417793530048703,0.016514148828375187,0.0683025602605634,0.146593066784629,0.1282419050299759,0.11265300051766687,1.03,1.03,20.55
FIRST GEN CORPORATION,"Dec 31, 2024",1.4509354666627625,0.9119902770332311,0.4769847880441812,0.5230152119558188,0.051224709605993984,0.09794114671051125,0.14028948769465502,0.2055396685517891,0.3651357663910382,0.0,0.0,0.0,1.4524112757857899,0.8559294616442995,0.46118641862927856,0.5388135813707214,0.07334064890526759,0.13611507103939685,0.1815671737081917,0.22249578542946594,0.40393121403728005,0.0,0.0,0.0
F & J PRINCE HOLDINGS CORPORATION,"Dec 31, 2024",27.132890907660705,0.0234932208119989,0.022953958398825847,0.9770460416011741,0.05096014608619534,0.05215736405081005,0.497155069489372,0.6175777645498006,0.10250352297229214,0.25,0.25,4.77,20.652334544528497,0.03620006822676953,0.03493540421080849,0.9650645957891915,0.033793775767860905,0.03501711275629762,0.33796841102296715,0.6508846529475406,0.09999093011554976,0.16,0.16,4.86
"ALLIANCE SELECT FOODS INTERNATIONAL, INC.","Dec 31, 2024",1.0376897998980348,2.7146215962678633,0.7307935750428213,0.2692064249571787,-0.05967494189443113,-0.22166982791708373,-0.041634346288518004,0.0026837039787449796,1.4333104086922674,0.0,0.0,0.1,0.9856321771118288,2.4207152862774066,0.7076634807896421,0.2923365192103579,-0.05422391365975386,-0.18548457033770632,-0.04640002513313148,-0.012306645384495737,1.1686181958775668,0.0,0.0,0.01
FIRST PHILIPPINE HOLDINGS CORPORATION,"Dec 31, 2024",1.7301868010843782,0.9446215845179575,0.48576113318834474,0.5142388668116553,0.04695998390702511,0.09131939831421697,0.14269896832307807,0.18024647217240364,0.3290842565918571,30.89,30.89,374.99,1.7360424579842864,0.9280790872785777,0.481349076084079,0.518650923915921,0.061536506591835655,0.11864725146389866,0.1669482079038393,0.19962997437400168,0.36859638905066977,32.22,32.22,340.71
"FORUM PACIFIC, INC.","Dec 31, 2024",0.03727683991707337,0.03381779244364986,0.03271155970697144,0.9672884402930285,-0.07141773588068476,-0.07383292604949315,0.0,0.0,0.0,0.0,0.0,0.21,0.0374105995675514,0.024359753433936884,0.023780467118389083,0.9762195328816109,0.007498574946690205,0.007681238383497475,0.0,0.0,0.0,0.0,0.0,0.29
"FRUITAS HOLDINGS, INC.","Dec 31, 2024",1.2223694227639523,0.49721965945310875,0.33209533171286887,0.6679046682871311,0.04294133146427454,0.0642926056714042,0.038213240717441324,0.060770322267073004,1.123729122630398,0.04,0.04,0.75,2.2692603548963737,0.30131087844295246,0.23154411711633247,0.7684558828836675,0.05438309001344985,0.07076930663784457,0.04689877695465532,0.06104109507467312,1.1595843973933655,0.05,0.05,0.71
FILSYN CORPORATION,"Dec 31, 2024",0.5024015632169652,1.273346218326769,0.567884296936335,0.44597791925165425,0.024579005161810805,0.05511260558158146,0.06947420616092427,1.1011798315985037,0.35378605269527,0.13,0.07,3.5,0.12130926303593119,2.3897792775594273,0.7049955415622282,0.29500445843777173,0.021505559722543276,0.07289910069979387,0.06587225921839708,1.1008482601741854,0.32647369283695543,0.04,0.01,2.03
GREENERGY HOLDINGS INCORPORATED,"Dec 31, 2024",3.2999887713587013,0.27302097928365726,0.21446699129600294,0.7855330087039971,-0.03498529871780953,-0.04453701923427717,-14.529740665453124,-15.822699083712452,0.002407840547422357,-0.02,-0.02,0.58,2.9192974893233883,0.30883723017587944,0.2359630541181797,0.7640369458818204,-0.016204342812054566,-0.02120884716294992,-4.030476617848197,-4.055674079082848,0.004020453248704316,-0.01,-0.01,0.67
"GT CAPITAL HOLDINGS, INC.","Dec 31, 2024",1.3850943272937728,0.6940789708772557,0.4097087460555846,0.5902912539444154,0.07913720659455628,0.1340646775058067,0.11668693453426929,0.13537898838977752,0.6782010934678794,132.0,132.0,1186.32,1.507123393481666,0.8044499322099554,0.44581449329809075,0.5541855067019092,0.08246009490458109,0.14879511266059783,0.12000807105128697,0.14258423346166738,0.6871212426149298,134.46,134.46,1044.62
"HOUSE OF INVESTMENTS, INC.","Dec 31, 2024",0.9247751185245636,2.1706364306112813,0.6846059073991004,0.3153940926008995,0.015978449749601924,0.05066185488077957,0.07420815387732152,0.22571236809653766,0.21531932698416095,0.94,0.94,35.99,0.9645143710608995,2.1856147212696793,0.6860888439134807,0.3139111560865193,0.003848386223631447,0.012259475807131767,0.055488838552108996,0.2728126285977474,0.0693542399525531,0.3,0.3,34.11
"INTEGRATED MICRO-ELECTRONICS, INC.","Dec 31, 2024",1.391931896552404,2.5506079541799744,0.7183580916550519,0.2816419083449481,-0.09717502442440162,-0.3450304146689137,-0.07013101603959758,-0.02156928141538167,1.385621225985581,-0.02,-0.02,0.1,1.4369250906474922,2.20243001881126,0.6877371264552412,0.31226287354475873,-0.11890954922373714,-0.3807995099574111,-0.08911208454077962,-0.0014262157596276344,1.3343818611865326,-0.05,-0.05,0.13
"IONICS, INC.","Dec 31, 2024",1.8834242680396527,0.74891716901094,0.42821763219036435,0.5717823678096356,0.026221053437843082,0.045858450546997095,0.028662598146838834,0.05468313921035984,0.914817746231947,0.0,0.0,4.72,1.6542834417255416,0.8888441526263627,0.47057569645990127,0.5294243035400987,0.03822945873710791,0.07220948959365708,0.04754233745577635,0.07434671343073582,0.8041139915063866,0.0,0.0,4.72
JOLLIBEE FOODS CORPORATION,"Dec 31, 2024",0.961349929578383,1.786910087923622,0.6411796690775027,0.35882033092249727,0.04096301794369933,0.114160247939092,0.039683023075446494,0.05214477972276565,1.0322554777598287,8.85,8.83,73.78,1.0947003145216343,1.8307869810161315,0.6467413455317493,0.35325865446825067,0.03679935231162983,0.10417112743358758,0.03644412516737089,0.05005938977545159,1.0097471716669708,7.46,7.44,66.55
"JG SUMMIT HOLDINGS, INC.","Dec 31, 2024",1.0290973446048526,1.1987389720375137,0.5451938530596352,0.45480614694036475,0.034108432190642995,0.07499553913266561,0.09390935336355968,0.13063682199446897,0.3632059104762011,2.83,2.83,48.46,1.0603372560301687,1.499011343024312,0.599841752302814,0.400158247697186,0.030068155922134063,0.07514066271323666,0.09740225832234366,0.1428244877019096,0.3087008087905551,2.66,2.66,44.66
JOLLIVILLE HOLDINGS CORPORATION,"Dec 31, 2024",0.6462003492822689,0.7900642460151368,0.44136083259240516,0.5586391674075948,0.04479105268468542,0.08017886195223567,0.18247090541177752,0.20505746035185576,0.24546955901603365,0.81,0.81,10.5,0.6521930470504677,0.8851596206599985,0.4695409401725368,0.5304590598274632,0.08226311822354211,0.15507910874460126,0.2850826105966687,0.3150805017104369,0.2885588779033841,1.44,1.44,9.7
"THE KEEPERS HOLDINGS, INC.","Dec 31, 2024",4.948095750509978,0.19187876061116152,0.16098848889023876,0.8390115111097612,0.1706079333467357,0.20334397214773903,0.19100915215743072,0.2079403978181807,0.8931924539726755,0.24,0.24,1.2,3.7061140413539353,0.24353245199287826,0.19583924135039218,0.8041607586496078,0.15337046620992903,0.19072115190932393,0.1787691024709093,0.2034813830638275,0.8579249103456603,0.2,0.2,1.05
"KEPPEL PHILIPPINES HOLDINGS, INC.","Dec 31, 2024",372.73657561255294,0.009927618325517548,0.009830029544075407,0.9901699704559246,0.623257340870391,0.6294448018691292,0.8135437163021418,0.9638611378040194,0.7661018435534441,10.3,10.3,26.99,163.48319133664754,0.0049176582474637215,0.0048935932283645225,0.9951064067716355,0.017107066389870567,0.017191193095992624,0.45923951648595107,0.6064145845102186,0.03725085881278664,0.31,0.31,16.85
"LIBERTY FLOUR MILLS, INC.","Dec 31, 2024",1.420802158969444,0.8561327057117257,0.4612454180012121,0.5387545819987879,0.024386620784098926,0.04526480441915534,0.38961840630811995,0.5666357307203411,0.06259103879402807,0.71,0.71,15.79,1.088226997172515,0.6734847553725006,0.4024445117951432,0.5975554882048568,-0.00906116352696264,-0.015163719028309298,-0.299945975857862,0.09113788165946565,0.030209318531602948,-0.26,-0.26,16.89
LMG CORP.,"Dec 31, 2024",2771.656836509601,0.0003609252458921521,0.00036079502585872734,0.9996392049741413,0.11470005989265275,0.11474145803997335,0.0,0.0,0.0,0.01,0.01,0.16,751.9191131900525,0.001331701354293411,0.0013299302843326494,0.9986700697156673,0.020523857991134185,0.020551189640616304,0.0,0.0,0.0,0.0,0.0,1.4
LODESTAR INVESTMENT HOLDINGS CORPORATION,"Dec 31, 2024",954.7892346566155,0.001048449661271362,0.0010473515658768863,0.9989526484341231,-0.00625018034971412,-0.0062567333491846625,0.0,0.0,0.0,0.0,0.0,0.08,153.3017470942818,0.006565912861005815,0.006523082867313912,0.993476917132686,-0.041686564093370036,-0.04196027444068184,0.0,0.0,0.0,0.0,0.0,0.08
LOPEZ HOLDINGS CORPORATION,"Dec 31, 2024",1.719159688742282,0.9443107660447857,0.485678926710749,0.514321073289251,0.04388902471150329,0.0853339032577815,0.138579378852253,0.2047872658727784,0.31670675013124255,1.66,1.66,21.17,1.7427407876829737,0.9269658802059572,0.4810494517458096,0.5189505482541904,0.049751927398334624,0.09587026657107475,0.1426778699257966,0.2039623648091566,0.3487010804423239,0.74,0.74,19.68
"LT GROUP, INC.","Dec 31, 2024",0.7266597755092158,3.161959644967935,0.7597285689184753,0.24027143108152466,0.02801927917655757,0.11661510921392299,0.2985893547579329,0.2076726367222396,0.09383884164012768,2.67,2.67,21.35,0.713425900184307,3.4211789119632696,0.7738159843986183,0.2261840156013817,0.025626017350676975,0.11329720750841789,0.2950233643092769,0.17657130851580452,0.08686097594566403,2.35,2.35,19.64
"MACAY HOLDINGS, INC.","Dec 31, 2024",2.015750807239735,0.49258368572389505,0.33002081587471904,0.669979184125281,0.06829752864874232,0.10193977703637312,0.11488105442080299,0.15050962854645977,0.5945064570749171,0.47,0.47,4.63,2.0117283429979587,0.8375461425145949,0.455795978743942,0.544204021256058,-0.07410310626906978,-0.1361678770730783,-0.20451568532069214,0.13304987921449274,0.3623345864786455,-0.84,-0.84,6.18
"MAX'S GROUP, INC.","Dec 31, 2024",1.0769808542278827,1.3785390006123392,0.5795738477516843,0.4204261522483157,0.031046801404530634,0.07384602798494207,0.03440577276214037,0.0658024204764096,0.9023718670459305,0.54,0.54,7.29,1.0039042114346974,1.6529264191706898,0.6230577701764521,0.37694222982354786,0.03422793914904703,0.0908042040422736,0.04061462132050336,0.07412198476391778,0.8427491882527497,0.62,0.62,6.87
MANILA ELECTRIC COMPANY,"Dec 31, 2024",0.759880528315297,2.3244639072099504,0.6991996219807819,0.30080037801921816,0.07519928538832736,0.2499973101214749,0.09879624629540652,0.09574115255909278,0.7611552888707647,40.69,40.69,164.92,0.6957864832024097,2.5004372319351824,0.7143214022303266,0.2856785977696734,0.06573039627213927,0.23008512638084982,0.08718880463107401,0.08190265367032452,0.753885737397907,33.74,33.74,148.45
"MILLENNIUM GLOBAL HOLDINGS, INC.","Dec 31, 2024",1.3583566144705481,2.0987670536516583,0.6772910055237689,0.32270899447623114,-0.0024426391427224874,-0.007569169699428374,-0.005053026340830925,-0.0086935698898943,0.48340122888035797,0.0,0.0,0.27,1.384122205908346,2.00836704083865,0.6675937522167417,0.33240624778325834,-0.0010988824014674058,-0.0033058415983321693,-0.0021867286000735345,0.01996122659608943,0.502523450523514,0.0,0.0,0.27
METRO GLOBAL HOLDINGS CORPORATION,"Dec 31, 2024",0.1832015592030647,0.27241521120007745,0.21409301680946521,0.7859069831905348,-0.001837374509470627,-0.0023379032745217067,0.0,0.0,0.0,0.0,0.0,1.27,0.19354221023878979,0.26914863616582246,0.212070224476573,0.787929775523427,0.0012852918842423367,0.0016312264419611618,0.0,0.0,0.0,0.0,0.0,1.75
MABUHAY HOLDINGS CORPORATION,"Dec 31, 2024",0.6233082896874385,0.9003230775983342,0.4737736904906613,0.5262263095093387,-0.010125905234862124,-0.019242491399382274,-0.11412070942774782,0.14698074122630464,0.08872977819396614,-0.04,-0.04,0.35,0.8978504473982534,0.8605064612903235,0.4625119445667141,0.5374880554332859,-0.08049256592114626,-0.1497569389821299,-2.73357382144104,-2.745594584004829,0.029445908974469737,-0.06,-0.06,0.36
MONDE NISSIN CORPORATION,"Dec 31, 2024",2.1836102363149874,0.4059829270661491,0.28875381005750167,0.7112461899424983,0.005756649002721947,0.008093750214939431,0.005408056991684414,0.07078322950119283,1.0644579026392544,0.02,0.02,3.08,2.034958721275828,0.4375551510923686,0.3043745144385448,0.6956254855614552,-0.0074508655775630175,-0.01071103019112253,-0.007815668775744761,-0.0418699428299804,0.9533241225224541,-0.04,-0.04,3.25
MABUHAY VINYL CORPORATION,"Dec 31, 2024",5.551152111287424,0.1477652126653765,0.12874167210751358,0.8712583278924864,0.07220630149333523,0.08287588098927821,0.10777723503380579,0.1113419797724575,0.669958748437801,0.5,0.5,6.05,6.917469287677961,0.16177722818387238,0.1392497840887859,0.860750215911214,0.09439313066603973,0.10966378970478972,0.13308673670701748,0.15751829764144637,0.709260238860921,0.61,0.61,5.63
"MANILA WATER COMPANY, INC.","Dec 31, 2024",0.4620134306414832,1.9474811731175532,0.6607272646487172,0.3392727353512827,0.04812769821748229,0.14185548440151227,0.29935276930968835,0.5291180134874132,0.16077251708232207,3.57,3.57,28.82,0.4285223944211667,1.9904316126636714,0.6656001107782336,0.3343998892217664,0.027996231266196908,0.08372081501387832,0.19115865920226877,0.5082400715053569,0.1464554699380557,1.75,1.75,26.41
MEGAWIDE CONSTRUCTION CORPORATION,"Dec 31, 2024",1.6776443749564471,2.727458600737015,0.7317206957570839,0.2682793042429161,0.00850176674246539,0.031689983565662536,0.023623886780381277,0.02465967728855285,0.35988010023506284,0.05,0.0,3.34,1.294454029209375,2.917086559061315,0.7447082200196161,0.2552917799803838,0.004058017263608474,0.015895604879719534,0.01406447837211819,0.017075265453136073,0.28852952496647155,-0.06,0.0,3.33
"MAYNILAD WATER SERVICES, INC.",0,0.0,0.0,0.0,0.0,0.0,0.0,0.0,0.0,0.0,0.0,0.0,0.0,0.0,0.0,0.0,0.0,0.0,0.0,0.0,0.0,0.0,0.0,0.0,0.0
"PACIFICA HOLDINGS, INC.","Dec 31, 2024",49.053109077059545,0.020810307994772348,0.020386067648210816,0.9796139323517892,-0.04198387520634624,-0.042857572580204395,0.0,0.0,0.0,0.0,0.0,0.32,67.32503276056862,0.015077263566683336,0.014853316203444713,0.9851466837965552,-0.014848762711849714,-0.015072641420895412,0.0,0.0,0.0,0.0,0.0,0.33
PETRON CORPORATION,"Dec 31, 2024",1.0143265453363408,3.4986277708473277,0.7777099927048092,0.22229000729519072,0.018069462160997606,0.0812877842817388,0.009739770711241266,0.03359996688638927,1.855224593751733,0.3,0.0,2.53,0.9819379417007665,3.472897852699177,0.7764312906460521,0.2235687093539479,0.022684394832301034,0.10146498093517961,0.012597326556290566,0.03826163869890745,1.8007308718192607,0.27,0.0,2.13
PETROENERGY RESOURCES CORPORATION,"Dec 31, 2024",2.0588747661422397,0.7156064200893099,0.41711572754085247,0.5828842724591475,0.03773067404266127,0.06473098662188675,0.23398893976632784,0.26383252031677207,0.1612498183903088,0.82,0.0,14.19,1.2511619362552981,0.759797742498819,0.43175287940757706,0.5682471205924229,0.021505040055680116,0.037844520942332545,0.13904667243668525,0.1566277872777571,0.15466058754820194,0.27,0.0,13.14
PHINMA CORPORATION,"Dec 31, 2024",0.8525388568759984,2.4039074157286326,0.7062199766717385,0.2937800233282615,0.01739450653103501,0.05920928977393021,0.03943186875561836,1.8993567869703127,0.44112813011319923,0.95,0.95,27.76,1.0747545656980868,3.4303519035779186,0.7742842957480629,0.2257157042519371,0.03499535991046763,0.15504175939573464,0.07040024503359012,1.872402640654348,0.4970914503745018,2.9,2.9,23.29
"SHAKEY'S PIZZA ASIA VENTURES, INC.","Dec 31, 2024",1.3880829408236213,1.30134996818209,0.5654724340818393,0.43452756591816066,0.0585706500876573,0.13479156371563444,0.08257824523900283,0.11247390172105289,0.7092745785302008,0.71,0.71,5.26,1.517001061908656,1.3404269237536544,0.5727275268239664,0.42727247317603356,0.057947690721408006,0.13562233553373312,0.08417444251081392,0.12323538943692323,0.6884238136054591,0.64,0.64,4.73
PANASONIC MANUFACTURING PHILIPPINES CORPORATION,"Mar 31, 2025",2.181007861437318,0.7968553971092827,0.4434721894656829,0.5565278105343171,0.05448967713869469,0.09791007045340584,0.03085701785472092,0.019987689198618198,1.7658763201045407,1.23,1.23,12.6,2.28618327152727,0.7491177944868588,0.428283216172201,0.571716783827799,0.031484848399036786,0.05507070859147633,0.01912113796777037,0.015403173640576924,1.646599091126588,0.64,0.64,11.43
PHILIPPINE NATIONAL CONSTRUCTION CORPORATION,0,0.0,0.0,0.0,0.0,0.0,0.0,0.0,0.0,0.0,0.0,0.0,0.0,0.0,0.0,0.0,0.0,0.0,0.0,0.0,0.0,0.0,0.0,0.0,0.0
"PHOENIX PETROLEUM PHILIPPINES, INC.","Dec 31, 2022",0.6584000378753707,5.093210438919494,0.8358829044188847,0.1641170955811153,-0.037454126147582936,-0.2282158724230599,-0.02519188875629962,-0.008159319904868,1.4867533955038188,-2.69,-2.69,4.55,0.8028540865714786,4.0075721502676815,0.800302428004648,0.199697571995352,-0.010305122182806195,-0.051603642847726006,-0.0066961505419702505,0.014574588688185414,1.5389621422361353,-1.02,-1.02,6.69
PRYCE CORPORATION,"Dec 31, 2024",1.9195041169852607,0.41791895225947046,0.2947410721843528,0.7052589278156473,0.11409442643379696,0.16177664958765461,0.15133147766318242,0.18844777568595425,0.7539371728579579,1.5,0.0,10.16,1.7676441499224127,0.4564213531515384,0.3133855131716463,0.6866144868283537,0.09601350266876492,0.13983611547766145,0.12238694003135876,0.15549310874925448,0.7845077476744147,1.13,0.0,8.89
"PRIME MEDIA HOLDINGS, INC.","Dec 31, 2024",2.350355860634457,0.9675343251488825,0.49174965477446986,0.5082503452255301,-0.02927914060216323,-0.057607714145616475,-2.568215430472795,0.05322833925982005,0.011400578103672983,-0.03,-0.03,0.47,0.2573308866426366,0.9372349088405,0.48380034066259237,0.5161996593374076,-0.06950767719146637,-0.13465269868772525,-1002.1316955429176,-435.3136159238196,6.935982316556678e-05,-0.04,-0.04,0.25
"ROXAS AND COMPANY, INC.","Dec 31, 2024",0.28382116635858645,0.4293472153534141,0.30037992920233564,0.6996200707976644,0.40020185159840393,0.572027402161459,27.078001348387158,-0.5730721387129549,0.01477959345851946,5.36,5.36,8.89,0.5115306275573314,0.5868829146966598,0.36983378500161446,0.6301662149983855,0.08503139723730015,0.13493487148865635,1.7123166783554298,-0.4093517006503438,0.04965868656898637,0.61,0.61,4.29
REPOWER ENERGY DEVELOPMENT CORPORATION,"Dec 31, 2024",0.500558950183578,1.9166232114771444,0.657137748864879,0.34286225113512103,0.018316585483655744,0.05342257837663566,0.22352760318227297,0.21521168138791585,0.08194328227426882,0.17,0.17,3.21,0.6451532993122969,1.55683860697855,0.6088920132578437,0.39110798674215624,0.03180215575332094,0.081312979615236,0.3770711678603734,0.35264370838878917,0.08433992960473985,0.32,0.32,3.05
REPUBLIC GLASS HOLDINGS CORPORATION,"Dec 31, 2024",32.392826722530444,0.09277821382890912,0.08490122941216958,0.9150987705878304,0.04175999982881738,0.04563441802243061,0.7377706091383351,0.8160676932382368,0.05660295939084665,0.17,0.0,3.76,32.53252533380271,0.093123989069825,0.0851906919992372,0.9148093080007628,0.01936051219806677,0.021163440324385753,0.7849365621568867,0.600463584238136,0.024665066110396257,0.08,0.0,3.57
RFM CORPORATION,"Dec 31, 2024",1.2678965077155122,0.6457472043375128,0.3923732652472923,0.6076267347527077,0.0584771239138492,0.09623856319891562,0.06535045331124303,0.08062957338119564,0.894823539101429,0.42,0.42,4.39,1.2477708727370982,0.5744884691712858,0.3648730876216968,0.6351269123783032,0.05502433936022253,0.0866351878464381,0.0612156085295682,0.07296552391083604,0.8988612656467315,0.38,0.38,4.34
SEMIRARA MINING AND POWER CORPORATION,"Dec 31, 2024",2.3461786995554084,0.2596563821411909,0.206132708746985,0.793867291253015,0.27571867591784727,0.347310789795435,0.3010923325039316,0.3188488539520307,0.9157279882384484,4.62,4.62,13.3,2.3785673059169468,0.36471948541428445,0.2672486831999526,0.7327513168000473,0.3281311787165044,0.4478070133663704,0.3629566729317564,0.37595492211256937,0.9040505470420158,6.57,6.57,14.68
"SWIFT FOODS, INC.","Dec 31, 2024",0.31016997282057523,0.5159824494369921,0.3403617565814291,0.6596382434185709,0.08669234451622289,0.13142407278713916,0.943552544369983,-0.27800279843876574,0.09187866116572024,0.02,0.02,1.0,0.49431494645579616,0.5501554888142648,0.35490342277540576,0.6450965772245942,0.1975995377565556,0.3063100080404862,1.5226738376535591,-0.18266913536707224,0.12977141451452043,0.05,0.05,1.0
"SOLID GROUP, INC.","Dec 31, 2024",7.4466661093866495,0.21417055887270656,0.17639248234741636,0.8236075176525837,0.03888809023158435,0.047216774249975016,0.1886772049147629,0.19966794535937318,0.20610910708133764,0.3,0.3,6.85,7.144748534993237,0.15865454327040496,0.13692997985628094,0.863070020143719,0.03715165593847128,0.043045934943128666,0.18796190788351785,0.20371988041117498,0.1976552396004332,0.28,0.28,6.61
"SYNERGY GRID & DEVELOPMENT PHILS., INC.","Dec 31, 2024",0.48348088562170805,2.0365914960186915,0.670683395737915,0.329316604262085,0.03386498778437405,0.10283413391880711,0.3272763776080928,0.514894161722094,0.10347519742144885,1.5,1.5,20.32,0.5766720867888832,1.9987758182706281,0.6665305909473778,0.33346940905262223,0.05012732359990315,0.15032060584601614,0.4409099368955244,0.5542824941749245,0.1136906188888663,2.02,2.02,19.18
SHELL PILIPINAS CORPORATION,"Dec 31, 2024",0.8830195837658523,2.639052203792555,0.7252031726948522,0.27479682730514776,0.010675415167178839,0.03884839309052262,0.005132798211637119,0.02486865765790252,2.0798431434486275,0.77,0.77,20.0,0.8167717992660193,2.8281291046876547,0.7387757903004183,0.26122420969958177,0.010204273615717229,0.039063276820523456,0.004669667144130673,0.01988902183125111,2.185225049400583,0.73,0.73,18.8
SM INVESTMENTS CORPORATION,"Dec 31, 2024",1.1184032273126263,0.9609921133939483,0.4900540429664096,0.5099459570335904,0.06748050896532147,0.13232874588880503,0.17510222006912954,0.2318740097220092,0.38537780354058604,67.6,67.6,513.3,1.0867975968701118,1.0541544831628218,0.5131816968019463,0.48681830319805375,0.06694226686282535,0.1375097575893547,0.17230789104261193,0.2306979110313053,0.38850377923939916,63.0,63.0,455.5
SAN MIGUEL CORPORATION,"Dec 31, 2024",1.221896690934504,2.957373961661106,0.7473071765044286,0.25269282349557143,0.013700395602425166,0.05421758882149367,0.02328011227774396,0.10208083261234281,0.5885021274370268,-7.1,-7.1,61.62,1.115640398054813,2.6973702805014086,0.7295375025667195,0.27046249743328055,0.018175016721796073,0.06719976667478494,0.03089715027894461,0.0998719156592611,0.588242493489173,-2.51,-2.51,75.77
SPC POWER CORPORATION,"Dec 31, 2024",11.497970067742193,0.05602528348718649,0.0530529754952276,0.9469470245047724,0.13270639732988918,0.14014131086085943,0.5145142948176586,0.21534911536295748,0.25792557887418793,0.99,0.99,7.44,6.7502601500907975,0.1081960736804438,0.09763260875046459,0.9023673912495355,0.09665247580574937,0.10710989419942554,0.4214483714392804,0.2603256123117045,0.2293340830234397,0.78,0.78,7.56
SEAFRONT RESOURCES CORPORATION,"Dec 31, 2024",181.31640816882364,0.10848940603541919,0.09787139637485419,0.9021286036251458,-0.004025102319768034,-0.004461783279671456,-0.39293740943003413,-0.39187265467293564,0.010243622071022836,-0.02,0.0,4.27,153.97351901152274,0.09800978426360336,0.08926130319442925,0.9107386968055707,0.005943912325010485,0.006526473889666535,0.5972764661209923,0.598188867736696,0.009951693499014251,0.02,0.0,3.73
SP NEW ENERGY CORPORATION,"Dec 31, 2024",0.6614561576058008,0.38391508970823796,0.27741231565671876,0.7225876843432812,-0.012774379069529437,-0.017678655955974867,-0.9725235082775349,1.4698739441373383,0.013135290777859465,-0.03,-0.03,1.31,7.651698244670033,0.20657341977170612,0.17120667204055562,0.8287933279594444,0.11620269091578232,0.14020707816493005,9.359618160901249,1.5147574955387961,0.01241532388588308,0.23,0.23,1.23
SUPERCITY REALTY DEVELOPMENT CORPORATION,"Dec 31, 2024",6.429958340661325,0.18116135611445872,0.15337562340902663,0.8466243943996705,-0.16170209757424353,-0.19099626545595136,-3.0563478465758958,-3.080360166282377,0.052906967953730295,0.08,0.08,0.43,3.8964641792378703,0.32856776234457963,0.24730975088898907,0.7526902491110109,-0.015618838280388113,-0.020750685024597097,-0.07885553450143969,-0.10463328871590735,0.19806901797239043,0.01,0.01,0.51
STENIEL MANUFACTURING CORPORATION,"Dec 31, 2024",1.1081041701628553,3.8230752227174354,0.7926634037781861,0.20733659622181388,0.02135046065561889,0.10297487778171892,0.03056255011979929,0.04869661058945156,0.6985824341204909,0.07,0.07,0.69,1.1442212216444059,3.913305555749425,0.7964710338786429,0.20352896612135704,0.01938019365988778,0.09522081318062642,0.024027941214024497,0.023787544391958945,0.806569047562679,0.06,0.06,0.61
TKC METALS CORPORATION,"Dec 31, 2023",0.5843021515249563,21.34588122926773,0.9552490237578888,0.04475097624211125,-0.023254693927969233,-0.519646628537374,0.0,0.0,0.0,-0.08,-0.08,0.14,0.5974235569162483,13.802509145025734,0.9324438856816352,0.06755611431836488,0.2497342858697819,3.6966940504139174,4.495199145688669,-2.1625873876314565,0.055555778014707374,0.98,0.98,0.34
CIRTEK HOLDINGS PHILIPPINES CORPORATION,"Dec 31, 2024",2.5797707662871856,0.2667788494056606,0.21059622958721347,0.7894037704127865,0.019371640960118675,0.0245395850465587,0.08716101246864194,0.1553716881952387,0.22225121543979356,0.0,0.0,0.32,3.0688169365351996,0.32765919377783154,0.24679465582238985,0.7532053441776102,0.030193163680803208,0.04008623135005729,0.11802988861582714,0.1654266776025596,0.25580947364169987,0.0,0.0,0.31
"TOP FRONTIER INVESTMENT HOLDINGS, INC.","Dec 31, 2024",1.2158040142820983,2.6984211283634414,0.7296143502071918,0.2703856497928082,0.012795101530347339,0.047321673839391995,0.022934814307631834,0.10204584934129611,0.5578899117613354,-35.97,-35.97,230.39,1.108252794833468,2.461198106577918,0.7110827033854186,0.28891729661458143,0.017409585730314998,0.06025802516607221,0.03141479964303563,0.09888410616855714,0.5541842038828517,-17.73,-17.73,289.4
TOP LINE BUSINESS DEVELOPMENT CORP.,0,0.0,0.0,0.0,0.0,0.0,0.0,0.0,0.0,0.0,0.0,0.0,0.0,0.0,0.0,0.0,0.0,0.0,0.0,0.0,0.0,0.0,0.0,0.0,0.0
UNIHOLDINGS INC.,"Dec 31, 2024",0.1650374773397122,1.9744506298309068,0.6638034634123853,0.33619653658761467,-0.03286116807059442,-0.09774392206455886,0.0,0.0,0.0,-11.91,-11.91,128.3,0.2639252485360795,1.3263352172231941,0.5701393364995611,0.42986066350043894,0.10622639705735602,0.2471182084732616,418.3634803086388,-32.826100097558246,0.0002539093445225901,34.82,34.82,140.9
UNIVERSAL ROBINA CORPORATION,"Dec 31, 2024",1.5773447882941394,0.473837545930185,0.32149916877788,0.67850083122212,0.06913532814281365,0.10189424236708253,0.07631960336827108,0.10287466561373104,0.905865925550077,5.39,5.39,55.79,1.5670503038075154,0.5216378147983972,0.3428133881304135,0.6571866118695865,0.07046300667087758,0.10721917549479905,0.08053517796825851,0.11022739375766347,0.8749345124518045,5.55,5.55,54.09
VITARICH CORPORATION,"Dec 31, 2024",1.0247646841119509,1.5762687382277427,0.6118417363926604,0.3881582635969655,0.03744869775311516,0.09647790930969097,0.017272794175968394,0.0317257195102018,2.168074103795983,0.07,0.07,0.74,0.917204825314989,1.7467419610749286,0.6359323102892952,0.3640676897107048,0.002547616279028666,0.0069976445343256114,0.0010647412718600819,0.0008532678355062599,2.3927092396616048,0.0,0.0,0.62
"VICTORIAS MILLING COMPANY, INC.","Aug 31, 2024",4.390192944902208,0.16439973873919025,0.14118840228975144,0.8588115977102486,0.10749886858532658,0.12517165449551282,0.13610453868135305,0.1030465574135909,0.7898257444375323,0.57,0.57,4.51,3.426371854901148,0.21138728915160476,0.17450017103914792,0.8254998289608521,0.11597081827742128,0.14048557517377874,0.1010273949473567,0.1496818902127106,1.1479145665178372,0.57,0.57,4.08
VIVANT CORPORATION,"Dec 31, 2024",2.4007372762102004,0.4854286708447606,0.3267936592126623,0.6732063407873377,0.0820749189952154,0.12191643783275422,0.21502406844632857,0.26859943880796217,0.38170107927104846,2.3,0.0,19.6,1.7586519858428866,0.5286977355064313,0.34584844552758026,0.6541515544724198,0.080082279116109,0.1224215987389898,0.2910581984919907,0.6703032466542207,0.275141808514673,2.24,0.0,17.87
"WELLEX INDUSTRIES, INCORPORATED","Dec 31, 2024",4.239756089062043,0.2981971179823522,0.22970095515680072,0.7702990448431993,0.10929440985762985,0.14188568788875705,6.109733129061569,0.009503839247031215,0.01788857345303019,0.06,0.06,0.43,3.0241295074709864,0.3487936953158023,0.2585967717132136,0.7414032282867864,0.002220686135766837,0.0029952474591975215,0.14002604130965565,-0.15449280555129544,0.01585909388708618,0.0,0.0,0.37
"ZEUS HOLDINGS, INC.","Dec 31, 2024",2.6792213176541533,0.5955141168627996,0.3732427752088694,0.6267572247911306,-1.1290115650115145,-1.8013538900772337,0.0,0.0,0.0,0.0,0.0,0.0,3.907218479307026,0.343971396411309,0.25593654547246036,0.7440634545275396,-1.3997257529477454,-1.8811913747820521,0.0,0.0,0.0,0.0,0.0,0.0
