Company Name,Fiscal Period,Currency,Total Assets_Current,Total Assets_Previous,Total Liabilities_Current,Total Liabilities_Previous,Current Assets_Current,Current Assets_Previous,Current Liabilities_Current,Current Liabilities_Previous,Stockholders' Equity_Current,Stockholders' Equity_Previous,Stockholders' Equity - Parent_Current,Stockholders' Equity - Parent_Previous,Retained Earnings/(Deficit)_Current,Retained Earnings/(Deficit)_Previous,Gross Revenue_Current,Gross Revenue_Previous,Gross Expense_Current,Gross Expense_Previous,Income/(Loss) Before Tax_Current,Income/(Loss) Before Tax_Previous,Net Income/(Loss) After Tax_Current,Net Income/(Loss) After Tax_Previous,Net Income/(Loss) Attributable to Parent_Current,Net Income/(Loss) Attributable to Parent_Previous,Earnings/(Loss) Per Share (Basic)_Current,Earnings/(Loss) Per Share (Basic)_Previous,Earnings/(Loss) Per Share (Diluted)_Current,Earnings/(Loss) Per Share (Diluted)_Previous,Book Value Per Share_Current,Book Value Per Share_Previous,Current_Ratio_Current,Current_Ratio_Previous,Quick_Ratio_Current,Quick_Ratio_Previous,Debt_to_Equity_Current,Debt_to_Equity_Previous,Debt_Ratio_Current,Debt_Ratio_Previous,Equity_Ratio_Current,Equity_Ratio_Previous,Net_Profit_Margin_Current,Net_Profit_Margin_Previous,ROA_Current,ROA_Previous,ROE_Current,ROE_Previous,Asset_Turnover_Current,Asset_Turnover_Previous,Revenue_Growth,Net_Income_Growth,EPS_Growth,Book_Value_Growth
A. SORIANO CORPORATION,"Jun 30, 2025",PHP,32098576.0,32309106.0,3561798.0,4370453.0,23823217.0,23823217.0,2721553.0,2721553.0,28536778.0,27938653.0,27594816.0,27068917.0,25680622.0,25107370.0,12506235.0,13505458.0,9442497.0,8676804.0,2923721.0,5096859.0,2834276.0,4678999.0,2732545.0,4571028.0,1.26,2.8,1.26,2.8,22.48,22.05,8.753537777879027,8.753537777879027,8.753537777879027,8.753537777879027,0.12481430103987212,0.15643034043194567,0.11096436178352585,0.13527000716144855,0.8890356382164741,0.8647299928385515,0.22662903743612686,0.3464524490765141,0.08512978893518516,0.14147800932653476,0.09902385288599135,0.1688663052164222,0.38961962050902194,0.41800779012579303,-0.07398660600773406,-0.3942559081547143,-0.5499999999999999,0.01950113378684806
"ABACORE CAPITAL HOLDINGS, INC.","Jun 30, 2025",PHP,26253960539.0,26626080811.0,4465099408.0,4768900102.0,684939635.0,684939635.0,1525237968.0,1525237968.0,21788861131.0,21857180709.0,6260581088.0,6287393923.0,16273780668.0,16536896406.0,148195161.0,254212889.0,94141043.0,99263701.0,54054118.0,154949188.0,54054118.0,154949188.0,60202439.0,166138690.0,0.02,0.02,0.0,0.0,5.04,5.01,0.449070669213763,0.449070669213763,0.449070669213763,0.449070669213763,0.20492578208446613,0.2181845941382705,0.17007336479260488,0.1791063482399494,0.8299266352073952,0.8208936517600506,0.36474954806385346,0.6095253022359539,0.00229308027299614,0.006239697504837562,0.009616110414318141,0.026424094312310516,0.00564467828691437,0.009547514363998224,-0.41704308706392934,-0.6511493948583971,0.0,0.005988023952095858
"ABOITIZ EQUITY VENTURES, INC.","Jun 30, 2025",PHP,942187856.0,893700554.0,554018599.0,497334978.0,212499004.0,212499004.0,205962093.0,132646108.0,388169257.0,396365576.0,282155710.0,283282235.0,237371674.0,237536030.0,215056013.0,229736776.0,187277496.0,194400302.0,31482998.0,41238829.0,25694445.0,33209897.0,13612030.0,18064173.0,1.51,2.05,1.51,2.05,50.81,51.01,1.0317384180010252,1.6019995400091196,1.0317384180010252,1.6019995400091196,1.4272603742032048,1.2547380703918647,0.588012884555795,0.5564895039776376,0.411987115444205,0.4435104960223623,0.11947791945719742,0.14455629428698868,0.014447256896081243,0.020212780353720133,0.04824297193914665,0.06376740496981746,0.22825173518262795,0.2570623627475115,-0.06390253774606813,-0.22630157509973609,-0.2634146341463414,-0.003920799843167923
ABOITIZ POWER CORPORATION,"Jun 30, 2025",PHP,559928435.0,517616067.0,354757382.0,301719385.0,123026353.0,123026353.0,140010737.0,78985995.0,205171053.0,215896682.0,196020081.0,203232025.0,180455604.0,184722755.0,139390289.0,155336641.0,117733425.0,125087652.0,27197086.0,35591202.0,22888638.0,29129193.0,20716602.0,26391901.0,1.76,2.38,1.76,2.38,27.0,28.0,0.8786922748646055,1.5575717315455733,0.8786922748646055,1.5575717315455733,1.7290810609623377,1.3975174708798905,0.6335762926560428,0.5829018924174932,0.3664237073439573,0.4170981075825067,0.16420539884238278,0.18752300044906983,0.03699866037344576,0.050987406849563655,0.10568612100512294,0.12986093604096105,0.2489430439445355,0.3001001145507332,-0.1026567324833553,-0.21423714004023386,-0.26050420168067223,-0.03571428571428571
ACEN CORPORATION,"Sep 30, 2025",PHP,343115295.0,329542231.0,185060526.0,172099031.0,59132109.0,59132109.0,29670253.0,29670253.0,158054769.0,157443200.0,149256594.0,147545546.0,28681134.0,30320264.0,30262325.0,36870650.0,32200597.0,33562657.0,2909450.0,11339434.0,3407952.0,10984154.0,2817958.0,9994978.0,0.01,0.17,0.01,0.17,3.13,3.72,1.9929762311093202,1.9929762311093202,1.9929762311093202,1.9929762311093202,1.1708632847389755,1.0930864654681816,0.5393537644540154,0.5222366507556964,0.4606462355459846,0.4777633492443037,0.11261368715060723,0.2979105060529174,0.008212860344800427,0.03032988509445395,0.018879956486210586,0.06774164501041598,0.08819870591895357,0.11188444615464171,-0.17922995661861127,-0.6897392370864429,-0.9411764705882353,-0.1586021505376345
"AGRINURTURE, INC.","Jun 30, 2025",PHP,4937345454.0,4808478231.0,2361139935.0,1925275312.0,2613628728.0,2613628728.0,2312926643.0,1878542463.0,2576205519.0,2883202920.0,2527720291.0,2832162888.0,0.0,0.0,55335413.0,1559711206.0,120510802.0,1639001271.0,-110558524.0,-85575859.0,-110558524.0,-85575859.0,-108003220.0,-81837524.0,0.0,0.0,0.1,0.0,3.09,3.46,1.1300093480742528,1.3913067069168508,1.1300093480742528,1.3913067069168508,0.9165184677954259,0.6677557443650203,0.4782205249760512,0.4003918120264856,0.5217794750239487,0.5996081881814804,-1.9979705220597161,-0.05486647699317741,-0.021874754563203792,-0.0170194227921004,-0.04272752028163388,-0.028895768794495975,0.011207523053743364,0.3243669059255849,-0.964522013570761,0.29193589514538204,0.0,-0.10693641618497113
"ALLIANCE GLOBAL GROUP, INC.","Jun 30, 2025",PHP,805411054170.0,824078916434.0,377072432663.0,408353651893.0,394425399575.0,394425399575.0,150121063045.0,150121063045.0,428338621507.0,415725264541.0,309077308865.0,294373193126.0,220242291249.0,206194025879.0,136267098792.0,158608150621.0,104395956341.0,125849512454.0,32823285171.0,25831647441.0,27475163769.0,21042183585.0,19664226079.0,13353465212.0,1.62,1.0,1.62,1.0,35.06,33.06,2.6273821379533384,2.6273821379533384,2.6273821379533384,2.6273821379533384,0.8803138772225745,0.982268066733594,0.4681738979254318,0.49552736242792206,0.5318261020745682,0.5044726375720779,0.2016272747608612,0.1326677317818368,0.024415143021925084,0.016204109759031155,0.06362235439156427,0.045362368326399685,0.16918950650910458,0.19246718664680562,-0.14085689632927353,0.30571828052036265,0.6200000000000001,0.060496067755595885
"ALLIANCE SELECT FOODS INTERNATIONAL, INC.","Jun 30, 2025",PHP,63164952.0,50558407.0,49472042.0,36947759.0,47979044.0,35617095.0,46843173.0,34323451.0,13692910.0,13610648.0,13629757.0,13547361.0,0.0,0.0,51491934.0,57859674.0,51591496.0,56708074.0,121447.0,826731.0,57136.0,647536.0,57830.0,647985.0,0.0,0.0,0.0,0.0,0.01,0.01,1.0242483787338659,1.0376897998980348,1.0242483787338659,1.0376897998980348,3.612967732936242,2.7146215962678633,0.7832198146845738,0.7307935750428213,0.2167801853154262,0.2692064249571787,0.001109610681937097,0.011191490639923066,0.0009155393642981,0.012816562831973721,0.004242922305951603,0.047831086807238694,0.8151978647905883,1.1444125207505054,-0.11005488900611504,-0.9117639791455611,0.0,0.0
"ALSONS CONSOLIDATED RESOURCES, INC.","Jun 30, 2025",PHP,51758474333.0,50199938892.0,33446840911.0,28985205743.0,13498640936.0,11976591506.0,20502731582.0,14892053144.0,18311633422.0,21214733149.0,14621251683.0,14351429478.0,5108447564.0,4721483277.0,8567778123.0,9154113502.0,6236298468.0,7262836330.0,2331479655.0,1891277172.0,2099449429.0,1649532403.0,897798422.0,573590035.0,0.08,0.06,0.08,0.06,2.32,2.28,0.6583825614656579,0.8042270189470391,0.6583825614656579,0.8042270189470391,1.826535085112409,1.366277178196148,0.6462099461396812,0.5773952395710816,0.3537900538603188,0.4226047604289183,0.2450401257899148,0.18019575599970533,0.017345921292498078,0.01142611022364031,0.0614036637536212,0.039967449645297276,0.16553382288429208,0.18235308058231173,-0.06405157406797467,0.27275428186905404,0.3333333333333334,0.017543859649122823
ALTERNERGY HOLDINGS CORPORATION,"Mar 31, 2025",PHP,13668454278.0,8744764879.0,9409082544.0,4448140175.0,4909114370.0,3716177145.0,1638257336.0,745415844.0,4259371734.0,4296624704.0,3616010157.0,3554742862.0,137970896.0,67183056.0,340289264.0,264805065.0,312680499.0,174589137.0,130709662.0,200050261.0,129570383.0,195187490.0,122933257.0,92562056.0,0.03,0.02,0.03,0.02,0.92,0.9,2.9965465510969027,4.985374505938191,2.9965465510969027,4.985374505938191,2.2090306109919826,1.0352638364851705,0.6883794138408428,0.5086632101089336,0.3116205861591572,0.49133678989106644,0.3807654155083776,0.7370987786808383,0.008993939951049672,0.010584853598783648,0.033996933543458514,0.026039029992712875,0.02489595802706902,0.030281553439579906,0.28505572202706925,-0.33617475689656134,0.4999999999999999,0.02222222222222224
ANGLO PHILIPPINE HOLDINGS CORPORATION,"Jun 30, 2025",PHP,11258597094.0,11473197604.0,3658011716.0,3660917582.0,760992490.0,760992490.0,245694205.0,245694205.0,7600585378.0,7812280022.0,5600450548.0,5810524742.0,1664612994.0,1876307639.0,6797216.0,6589620.0,31692650.0,32759401.0,-293602642.0,1015081979.0,-293602642.0,1015081979.0,-293602642.0,1015081979.0,0.0,0.2,0.0,0.2,2.53,2.6,3.0973155838168833,3.0973155838168833,3.0973155838168833,3.0973155838168833,0.4812802612004288,0.4686106452521627,0.3249083065553034,0.319084331008442,0.6750916934446966,0.680915668991558,-43.19454347191556,154.0425667944434,-0.026078084111959964,0.08847419996027116,-0.052424825374960175,0.17469712703617293,0.0006037356113953499,0.0005743490374211461,0.03150348578521978,-1.2892403254850808,-1.0,-0.026923076923077032
ASIA AMALGAMATED HOLDINGS CORPORATION,"Jun 30, 2014",PHP,4023496.0,4128862.0,24034814.0,23669384.0,397025.0,397025.0,24034814.0,23669384.0,0.0,0.0,0.0,0.0,0.0,0.0,284.0,282.0,595000.0,1433286.0,-594717.0,-1433004.0,-594717.0,-1433004.0,-594717.0,-1433004.0,0.0,0.0,0.0,0.0,0.0,0.0,0.016518746514951187,0.016773778312101403,0.016518746514951187,0.016773778312101403,inf,inf,5.973614488494583,5.73266532037157,0.0,0.0,-2094.073943661972,-5081.574468085107,-0.14781100813819623,-0.34706996746318963,-inf,-inf,7.058538146924962e-05,6.829969129508325e-05,0.0070921985815602835,-0.5849858060410159,0.0,0.0
ASIABEST GROUP INTERNATIONAL INC.,"Jun 30, 2025",PHP,250634783.0,254977647.0,752939.0,4781076.0,254977647.0,254977647.0,4781076.0,4781076.0,249881844.0,250196571.0,0.0,0.0,0.0,0.0,0.0,0.0,5878908.0,6352445.0,-802072.0,-517509.0,-802072.0,-517509.0,0.0,0.0,0.0,0.0,0.0,0.0,0.83,0.83,53.33059901160325,53.33059901160325,53.33059901160325,53.33059901160325,0.003013180101232165,0.019109278679922435,0.0030041281221529414,0.01875096133426943,0.9969958718778471,0.9812490386657305,-inf,-inf,0.0,0.0,0.0,0.0,0.0,0.0,0.0,0.549870630269232,0.0,0.0
"ATN HOLDINGS, INC.","Jun 30, 2025",PHP,3867124114.0,3865789983.0,1299852849.0,1299136121.0,102033996.0,98634678.0,53378006.0,53378006.0,2567271266.0,2566653862.0,2567271266.0,2566653862.0,1633525821.0,1632908417.0,29205350.0,5027834.0,27533992.0,11773502.0,1671356.0,-6745668.0,1234808.0,-6801792.0,1234808.0,-6801792.0,0.0,0.0,0.0,0.0,3.76,3.76,1.9115362983023383,1.8478524282079776,1.9115362983023383,1.8478524282079776,0.5063169078448292,0.5061594554038078,0.3361290743925681,0.3360596738863245,0.663870925866022,0.6639403261136755,0.04228019866223141,-1.3528274799844227,0.0003193091205761078,-0.0017594830629473438,0.00048098072702847756,-0.002650062051880995,0.007552214291304745,0.0013005967789533693,4.808733939903346,-1.1815415702214946,0.0,0.0
AXELUM RESOURCES CORP.,"Jun 30, 2025",PHP,12608471.0,12367133.0,1844374.0,1695490.0,6463124.0,6166664.0,1759320.0,1627415.0,10764097.0,10671643.0,10213884.0,10286293.0,3619231.0,3604691.0,6831572.0,4858970.0,6396137.0,4651598.0,363726.0,352933.0,303290.0,309850.0,303290.0,309850.0,0.06,0.05,0.06,0.05,2.83,2.81,3.6736489098060616,3.7892387620858847,3.6736489098060616,3.7892387620858847,0.1713449813765149,0.15887806591731002,0.14628054424680043,0.13709644749514702,0.8537194557531996,0.862903552504853,0.04439534561005871,0.06376865878982582,0.024054463066933335,0.02505431129429917,0.0296938950941679,0.030122610740331818,0.5418239848432058,0.39289380974555704,0.4059712243541327,-0.021171534613522672,0.1999999999999999,0.007117437722419935
AYALA CORPORATION,"Jun 30, 2025",PHP,1813336039.0,1749325722.0,1046393832.0,1023744002.0,604656291.0,584562518.0,423688107.0,389290509.0,766942207.0,725581720.0,478033157.0,434499625.0,357610160.0,335194299.0,239675075.0,237551036.0,204828704.0,216137058.0,54644242.0,56467657.0,48256469.0,47647582.0,34119972.0,31500188.0,36.04,34.62,36.01,34.62,689.67,652.22,1.4271259471533857,1.5016099917298522,1.4271259471533857,1.5016099917298522,1.364371164410306,1.4109286022255356,0.5770545610382588,0.5852220596342435,0.4229454389617412,0.41477794036575655,0.20134120746598286,0.20057829594142457,0.018816132953942796,0.01800704557410035,0.0713757435030809,0.0724976183811436,0.13217355738000638,0.1357957714864036,0.008941400701784353,0.012778969560302137,0.04101675332177937,0.05741927570451678
BASIC ENERGY CORPORATION,"Jun 30, 2025",PHP,33582865874.0,33248650956.0,26100989805.0,25952677765.0,27866415679.0,27519460822.0,25100150858.0,24964558800.0,7481876069.0,7295973191.0,3821065537.0,3973378240.0,0.0,0.0,38751171561.0,36115320651.0,37185735475.0,35106495558.0,194856072.0,-113473703.0,190973315.0,-147566702.0,69577181.0,-191145275.0,0.01,0.0,0.01,0.0,0.51,0.49,1.1102090914373262,1.1023411646273515,1.1102090914373262,1.1023411646273515,3.4885621686712276,3.5571235098580285,0.7772115072885277,0.7805633317076469,0.22278849271147227,0.2194366682923531,0.00492819461469391,-0.004085986205854551,0.0020718059400007,-0.005748963326450579,0.01820884261896919,-0.04810648859847785,1.1538971005747702,1.0862191280721025,0.07298428651572877,-2.294149102824023,inf,0.04081632653061228
"BHI HOLDINGS, INC.","Sep 30, 2025",PHP,103628665.0,103536127.0,4394770.0,4472919.0,3628665.0,3536127.0,4472919.0,4472919.0,99233895.0,99063208.0,87057896.0,86908152.0,41713140.0,41542453.0,2998744.0,3001473.0,2658925.0,2549047.0,339819.0,452426.0,293267.0,410728.0,256845.0,360332.0,0.34,0.5,0.34,0.5,198.0,198.0,0.8112521152294508,0.7905636118159082,0.8112521152294508,0.7905636118159082,0.04428698480493989,0.045152171934508725,0.042408825781939774,0.04320152906627461,0.9575911742180602,0.9567984709337254,0.09779661084774159,0.13684214384070756,0.0024785130639287884,0.0034802538055146684,0.002950278054043484,0.0041461242899285215,0.02893739874001079,0.02898962021246941,-0.0009092202395290579,-0.2859824506729514,-0.31999999999999995,0.0
"BOGO-MEDELLIN MILLING COMPANY, INC.","Jun 30, 2022",PHP,290832.0,259864.0,113079.0,73603.0,154929.0,108873.0,96990.0,57514.0,177753.0,186261.0,177753.0,186261.0,0.0,0.0,130927.0,242963.0,135330.0,220166.0,4305.0,-3113.0,4305.0,-3113.0,4305.0,-3113.0,2.14,2.13,2.14,2.13,29.63,31.04,1.5973708629755645,1.8929825781548841,1.5973708629755645,1.8929825781548841,0.6361580395267591,0.39516055427598906,0.38881209770589203,0.28323661607610134,0.6111879022941079,0.7167633839238986,0.03288091837436129,-0.01281265048587645,0.014802360125433239,-0.011979343040975279,0.02421900052319792,-0.016713106876909283,0.4501808604280134,0.9349621340393437,-0.4611237101945564,-2.382910375843238,0.004694835680751282,-0.04542525773195877
"CENTRAL AZUCARERA DE TARLAC, INC.","Mar 31, 2025",PHP,6170698.47,6525545.9,2232784.53,2653696.45,3505753.0,3505753.0,1956859.32,1956859.32,3937913.94,3871849.44,2941466.9,2875851.13,2678792.48,2612762.8,1156631.95,1604990.02,675736.8099999999,1018671.46,274571.53,334900.75,207093.28000000003,251175.56,202465.2,260913.96,0.59,0.76,0.59,0.76,16.51,16.23,1.7915201998271393,1.7915201998271393,1.7915201998271393,1.7915201998271393,0.5669967815497765,0.6853821387228323,0.3618365961090301,0.4066627513875889,0.6381634038909699,0.5933372470799723,0.17904855559281416,0.1564966491193509,0.03281074273590296,0.03998346866275203,0.06883137117742172,0.09072582279319862,0.18743938885090264,0.2459549047076659,-0.279352559463267,-0.1755038587353004,-0.22368421052631585,0.01725200246457185
"CENTURY PACIFIC FOOD, INC.","Sep 30, 2025",PHP,64821856142.0,55241227463.0,27105370669.0,19427437630.0,44624464245.0,35985022346.0,22333252178.0,14578340980.0,37716485473.0,35813789833.0,37716485473.0,35813789833.0,29158426900.0,27270096966.0,84370721738.0,75910149694.0,74667299579.0,67468269172.0,9324852424.0,8091066236.0,7670539471.0,6919115049.0,7670539471.0,6919115049.0,1.63,1.49,1.63,1.49,10.65,10.11,1.9981176001298453,2.468389400094825,1.9981176001298453,2.468389400094825,0.7186610928635927,0.5424569061411904,0.41815172045710103,0.3516836703712331,0.581848279542899,0.648316329628767,0.09091470729407357,0.0911487472609594,0.11833261075086726,0.12525273906403242,0.20337365411448766,0.19319695238241724,1.301578306446145,1.3741575482703354,0.11145508312268196,0.1086012324811106,0.0939597315436241,0.053412462908011965
CIRTEK HOLDINGS PHILIPPINES CORPORATION,"Jun 30, 2025",PHP,262512811.0,264245709.0,49602577.0,55649150.0,121016670.0,121016670.0,46909854.0,46909854.0,212910234.0,216894661.0,194003750.0,216894661.0,3932772.0,0.0,39026977.0,43574155.0,36512563.0,38993628.0,1454411.0,3000307.0,1231184.0,2508954.0,380067.0,730607.0,0.0,0.0,0.0,0.0,0.31,0.32,2.5797707662871856,2.5797707662871856,2.5797707662871856,2.5797707662871856,0.23297413218755844,0.256572244533027,0.18895297647016548,0.21059622958721347,0.8110470235298345,0.8208067477076799,0.03154699888746187,0.05757894788780184,0.0014478036273818272,0.0027648774421536585,0.0019590703787942245,0.0033684877102622642,0.14866694258208984,0.16490014223844973,-0.10435493241349143,-0.5092839486096596,0.0,-0.03125000000000003
CITICORE RENEWABLE ENERGY CORPORATION,"Jun 30, 2025",PHP,67357905915.0,47934128646.0,42513223098.0,29914866827.0,19486681645.0,11679653940.0,6414367895.0,3885991823.0,24844682817.0,18019261819.0,24009137143.0,16913186662.0,2733122444.0,2289766366.0,3931230832.0,3174539690.0,2579918806.0,2135917246.0,1038010582.0,707030899.0,1029154297.0,699778525.0,748830036.0,420376480.0,0.05,0.04,0.0,0.0,2.15,1.89,3.037973805679258,3.0055786198189334,3.037973805679258,3.0055786198189334,1.7111598248664412,1.6601605064341176,0.6311541684750133,0.6240828335052322,0.3688458315249868,0.3759171664947678,0.26178933290376677,0.2204346435498496,0.011117181061788951,0.00876987841177915,0.03118937725832957,0.024854954208273966,0.05836331724684081,0.06622712834616028,0.23836247641937658,0.4706857387485562,0.25000000000000006,0.1375661375661376
CONCEPCION INDUSTRIAL CORPORATION,"Sep 30, 2025",PHP,13653712.0,13430710.0,6050478.0,5971880.0,10773159.0,10773159.0,5208641.0,5208641.0,7603234.0,7458830.0,5700677.0,5452873.0,4687220.0,4439416.0,17837692.0,17398224.0,16712233.0,15944597.0,1401381.0,1631845.0,1068548.0,1163081.0,748624.0,697060.0,1.63,1.4,0.0,0.0,14.5,12.2,2.0683243479441185,2.0683243479441185,2.0683243479441185,2.0683243479441185,0.7957769023023624,0.800645677673308,0.4431379539864324,0.4446436562177279,0.5568620460135676,0.5553563437822722,0.05990393824492541,0.06685055899958524,0.054829338717559004,0.0519004579802557,0.13132194649863516,0.12783352922395222,1.3064353488633713,1.295406125216016,0.02525935980592042,-0.08127808811252182,0.16428571428571428,0.1885245901639345
"CONCREAT HOLDINGS PHILIPPINES, INC.","Jun 30, 2025",PHP,49833829.0,50772040.0,34607601.0,33141842.0,10653631.0,10653631.0,11605200.0,9783679.0,15226228.0,17630198.0,15226193.0,17630144.0,0.0,0.0,11213426.0,12360862.0,12921434.0,13943895.0,-3885262.0,-3823403.0,-3939929.0,-3935256.0,-3939897.0,-3935236.0,0.0,0.0,0.0,0.0,1.13,1.31,0.9180049460586633,1.0889186981706984,0.9180049460586633,1.0889186981706984,2.2728939169963827,1.879833794265952,0.6944600022607132,0.6527577383142376,0.3055399977392867,0.3472422616857625,-0.3513581843764787,-0.31836420469705107,-0.0790606918846232,-0.0775079354699949,-0.25875785234037163,-0.22321065556809971,0.2250163438173695,0.24345805289683062,-0.09282815389412162,0.0011874703958268534,0.0,-0.13740458015267187
CONCRETE AGGREGATES CORPORATION,"Jun 30, 2025",PHP,344323866.0,365095275.0,44219021.0,41465725.0,204452827.0,204452827.0,19625197.0,16955524.0,300104845.0,323629550.0,300104845.0,323629550.0,22451611.0,45976316.0,48763618.0,53323910.0,18172587.0,16002294.0,37447576.0,42639300.0,30974784.0,35606458.0,30974784.0,35606458.0,0.78,0.78,0.78,0.78,10.93,11.78,10.417873868985875,12.058183928730248,10.417873868985875,12.058183928730248,0.14734524196035556,0.12812712868772336,0.12842275940291634,0.11357507981991824,0.8715772405970836,0.8864249201800818,0.635202744800437,0.6677390686466915,0.08995828363520988,0.09752648264209939,0.10321320870377818,0.11002227083404467,0.14162137108439646,0.14605477981055767,-0.08552058541843612,-0.13007960522217626,0.0,-0.07215619694397281
"COSCO CAPITAL, INC.","Jun 30, 2025",PHP,250001169.0,249390885.0,93669590.0,94734720.0,123015792.0,123015792.0,35953493.0,35953493.0,156331579.0,154656165.0,102000611.0,100398463.0,87143319.0,85418424.0,185244724.0,164314346.0,170024447.0,150135061.0,14540780.0,13339246.0,11542119.0,10512586.0,6866348.0,6185865.0,0.66,0.6,0.0,0.0,22.99,22.68,3.421525469027446,3.421525469027446,3.421525469027446,3.421525469027446,0.5991725446590672,0.6125505569079642,0.37467660801218095,0.37986440442680974,0.625323391987819,0.6201355955731902,0.062307410169479376,0.06397850373941177,0.027465263572427536,0.02480389369483171,0.06731673401446585,0.06161314441636422,0.7409754311988838,0.6588626765569239,0.1273801010655515,0.09793337243566902,0.10000000000000009,0.013668430335096945
CROWN ASIA CHEMICALS CORPORATION,"Jun 30, 2025",PHP,2500497948.0,2475742904.0,332178127.0,323681215.0,1596892935.0,1546859954.0,194755493.0,187769304.0,2168319821.0,2152061689.0,2168319821.0,2152061689.0,1223984866.0,1207726734.0,830735491.0,1216977835.0,688674252.0,995912187.0,148032701.0,239954353.0,109419546.0,179450910.0,109419546.0,179450910.0,0.13,0.2,0.13,0.2,3.55,3.52,8.199475713889107,8.238087488464036,8.199475713889107,8.238087488464036,0.1531960939446672,0.15040517502563097,0.13284479088082818,0.13074104523415409,0.8671552091191718,0.8692589547658459,0.13171406203951386,0.14745618600358484,0.04375910249697194,0.07248366125176622,0.05046282607403237,0.08338557900883667,0.3322280234880641,0.49156066772270957,-0.31737828980262406,-0.39025360194606984,-0.35000000000000003,0.008522727272727217
"D&L INDUSTRIES, INC.","Jun 30, 2025",PHP,53669119775.0,48369399205.0,32005369707.0,26579775971.0,34976930684.0,28395623486.0,28402055359.0,22656007261.0,21663750068.0,21789623234.0,21663750068.0,21789623234.0,10939434342.0,11065307508.0,38948279053.0,29117469065.0,35549363589.0,26207798868.0,2418454590.0,2482078304.0,2109978702.0,2014800687.0,2109978702.0,2014800687.0,0.2,0.18,0.2,0.18,3.03,3.05,1.2314929409824054,1.2533374993607176,1.2314929409824054,1.2533374993607176,1.4773697816185496,1.2198364187190516,0.5963460895423266,0.5495163555443214,0.4036539104576734,0.4504836444556785,0.054173862191158315,0.06919559809619051,0.039314576256249026,0.04165444930297434,0.09739674319436946,0.09246606356442887,0.7257111578554858,0.6019812018254321,0.3376258412451412,0.047239419568452824,0.11111111111111122,-0.006557377049180334
DEL MONTE PACIFIC LIMITED,"Jul 31, 2025",PHP,47699140.0,133422246.0,83139850.0,170064550.0,15176747.0,14757552.0,77808492.0,77808492.0,0.0,0.0,0.0,0.0,0.0,0.0,24039078.0,21288852.0,19801580.0,18228404.0,1178702.0,580088.0,649826.0,42834.0,649826.0,43424.0,16.520000000000003,1.18,16.520000000000003,1.18,0.0,0.0,0.19505257857972624,0.18966505609696174,0.19505257857972624,0.18966505609696174,inf,inf,1.7430052198006085,1.2746341415958475,0.0,0.0,0.027032068368013116,0.0020120389770195216,0.013623432204438067,0.0003254629666480056,inf,inf,0.5039729856764713,0.15955998821965567,0.12918620506169146,14.170798898071626,13.000000000000004,0.0
"DMCI HOLDINGS, INC.","Sep 30, 2025",PHP,289146979.0,288445653.0,135998011.0,138674654.0,154036027.0,152826522.0,66816719.0,58586698.0,153148968.0,149770999.0,123678039.0,119919305.0,95298293.0,91463005.0,113507230.0,99217261.0,97713622.0,75193645.0,21753882.0,31071429.0,18178004.0,27274195.0,14473597.0,19138371.0,0.89,1.14,0.89,1.14,9.31,9.03,2.3053515543018506,2.6085532589667366,2.3053515543018506,2.6085532589667366,0.8880112793185783,0.9259112573589764,0.47034214734092034,0.4807652760847812,0.5296578526590796,0.5192347239152187,0.1601484240255004,0.2748936498055515,0.0500561930477579,0.06635000666832722,0.1170264108084702,0.15959374514386987,0.3925589345341215,0.34397211387338883,0.14402704585848222,-0.33350905498769073,-0.21929824561403502,0.031007751937984624
EAST COAST VULCAN MINING CORPORATION,"Jun 30, 2025",PHP,2171585985.0,2091042298.0,874260693.0,820457602.0,291332600.0,196656806.0,849971366.0,794809430.0,1297325292.0,1270584696.0,0.0,0.0,377599063.0,350858467.0,204498492.0,42224442.0,65448844.0,65282707.0,94554704.0,-24622590.0,74312220.0,-28140712.0,0.0,0.0,0.0,0.0,0.0,0.0,0.21,0.2,0.34275578172829885,0.24742636231681348,0.34275578172829885,0.24742636231681348,0.6738947420443877,0.6457323188158407,0.40259087092975504,0.3923677693104226,0.5974091290702449,0.6076322306895774,0.3633876185258129,-0.6664555093469323,0.0,0.0,0.0,0.0,0.09417011042277472,0.020193011896691915,3.843130715617272,-3.6407370218635546,0.0,0.049999999999999906
EEI CORPORATION,"Jun 30, 2025",PHP,39708932179.0,36658904254.0,24258111482.0,19425672894.0,21248581773.0,21248581773.0,18896166689.0,13467617743.0,15450820697.0,17233231360.0,15418468949.0,17200758280.0,0.0,0.0,11611884160.0,12325704422.0,10892803974.0,11644664520.0,77879601.0,285818597.0,40594174.0,161862218.0,41744487.0,148186375.0,0.0,0.0,0.0,0.0,2.86,3.13,1.1244916560441547,1.5777535551188535,1.1244916560441547,1.5777535551188535,1.5700209042429742,1.1272217315603892,0.6108981065682965,0.5299032605940585,0.3891018934317035,0.47009673940594154,0.0034959162045240383,0.013132086610084052,0.0010512618876736379,0.00404230235506373,0.002707433996078283,0.008615107112591783,0.29242499162797747,0.3362267550769768,-0.057913141315145515,-0.7492053766370605,0.0,-0.08626198083067094
EMPERADOR INC.,"Sep 30, 2025",PHP,169208562917.0,159527300714.0,65864993312.0,59000392978.0,87533457449.0,82300907102.0,21840135993.0,20184146744.0,103343569605.0,100526907736.0,102451325951.0,99395903383.0,60236630282.0,58774173011.0,52390214358.0,56820396864.0,46077619919.0,48596959281.0,6446633411.0,7549896163.0,5487898151.0,5907096875.0,5408491638.0,5768055639.0,0.3,0.31,0.29,0.29,6.51,6.32,4.007917234446499,4.077502415427346,4.007917234446499,4.077502415427346,0.6373400257388951,0.5869114479572437,0.3892533106868121,0.3698451156255424,0.6107466893131879,0.6301548843744577,0.10475044277351761,0.10396085210630746,0.031963462987703334,0.036157169419803264,0.052790840799725236,0.058031120425296415,0.309619167344967,0.35617976741089236,-0.0779681725314885,-0.07096526988987294,-0.03225806451612906,0.030063291139240427
"EURO-MED LABORATORIES PHIL., INC.","Jun 30, 2025",PHP,10889453685.0,10949904739.0,4846959941.0,5067004801.0,5318058680.0,5318058680.0,3909260781.0,3909260781.0,6042493744.0,5882899938.0,5962170507.0,5806576087.0,1883511273.0,1723917468.0,4868159568.0,3845965455.0,4305897570.0,3409005393.0,342582516.0,237958410.0,253161000.0,178570960.0,246675654.0,177183016.0,0.04,0.03,0.04,0.03,1.47,1.43,1.3603744999175076,1.3603744999175076,1.3603744999175076,1.3603744999175076,0.8021456283364585,0.8613107233509434,0.44510588696259284,0.46274419018030144,0.5548941130374072,0.5372558098196986,0.05200343096066731,0.046430723855786685,0.02265271161764439,0.016181238122458884,0.04137346520204106,0.030514198616407452,0.4470526905041885,0.35123277751466836,0.2657834879070696,0.4177053200587598,0.3333333333333334,0.027972027972028
F & J PRINCE HOLDINGS CORPORATION,"Jun 30, 2025",PHP,1876426761.0,1847822509.0,36692574.0,42414841.0,782100703.0,760923855.0,28044334.0,28044334.0,1839734187.0,1805407668.0,1775589190.0,1742664148.0,1196762903.0,1165721230.0,161403131.0,184662272.0,93077609.0,42162176.0,68325522.0,142500096.0,68325522.0,142500096.0,65129926.0,135347674.0,0.08,0.2,0.08,0.2,4.79,4.8,27.888011282421612,27.132890907660705,27.888011282421612,27.132890907660705,0.019944497558005102,0.0234932208119989,0.019554493019725165,0.022953958398825847,0.9804455069802749,0.9770460416011741,0.42332215971696363,0.7716795339764909,0.034709548677130594,0.07324711834647318,0.03668074032372319,0.07766710192284279,0.08601621675550171,0.09993507011662883,-0.12595502453256938,-0.5205229756476796,-0.6,-0.002083333333333289
"FIGARO CULINARY GROUP, INC.","Mar 31, 2025",PHP,5789946373.0,4346388321.0,2419193435.0,1256066806.0,1470852132.0,1249047125.0,1250276475.0,1046655653.0,3370752938.0,3090321515.0,0.0,0.0,1372498793.0,1092067370.0,5438885435.0,5389133815.0,4673062664.0,4735774559.0,664191252.0,655975635.0,530627622.0,491981726.0,530627622.0,491981726.0,0.08,0.07,0.08,0.07,0.62,0.57,1.1764215046915922,1.1933696831616882,1.1764215046915922,1.1933696831616882,0.7177012019265353,0.40645182059640805,0.4178265702565601,0.28899093068403264,0.5821734297434399,0.7110090693159674,0.09756183106658874,0.09129142880635634,0.09164637939903075,0.11319322841517455,inf,inf,0.9393671520625672,1.2399107988031979,0.009231839792421261,0.07855148668672299,0.14285714285714277,0.08771929824561413
FILINVEST DEVELOPMENT CORPORATION,"Jun 30, 2025",PHP,828847689.0,813680248.0,634710590.0,627299742.0,152284183.0,152284183.0,71999170.0,71999170.0,194137099.0,186380506.0,151059966.0,144757359.0,134010577.0,127792244.0,78803770.0,77279881.0,64669056.0,65951150.0,17228929.0,13409668.0,13888329.0,10436966.0,11215402.0,8160680.0,0.86,0.64,0.86,0.64,17.47,16.74,2.1150824794230267,2.1150824794230267,2.1150824794230267,2.1150824794230267,3.269393605186199,3.3656939529931313,0.7657746995298674,0.7709413415673819,0.23422530047013257,0.2290586584326181,0.17623939819122866,0.13505411583126015,0.013531318418141841,0.010029345089866309,0.07424470094214108,0.056374888685279206,0.09507629814963507,0.0949757367097843,0.019719090923548396,0.3306864274541088,0.34374999999999994,0.04360812425328557
FILSYN CORPORATION,"Jun 30, 2025",PHP,2251514.0,1974741.0,1101488.0,1106091.0,449216.0,183989.0,378086.0,366218.0,1150026.0,868649.0,633981.0,624314.0,1537.0,0.0,758431.0,498941.0,692534.0,439255.0,48650.0,26324.0,48650.0,26324.0,48612.0,26277.0,0.19,0.12,0.19,0.12,2.05,1.73,1.1881318007014277,0.5024029403251615,1.1881318007014277,0.5024029403251615,0.9577939977009216,1.2733463113409444,0.48922103082636836,0.5601195295990715,0.5107789691736316,0.4398799640054063,0.06414558476644547,0.05275974514020696,0.021590805120465607,0.013306555138116847,0.07667737676681162,0.04208939732250118,0.33685377927918725,0.25266148826605617,0.5200815326862295,0.8481233855037228,0.5833333333333334,0.18497109826589586
FIRST GEN CORPORATION,"Jun 30, 2025",PHP,405799109.0,389090073.0,190839925.0,185590046.0,98743285.0,93555946.0,64479743.0,64479743.0,214959184.0,203500027.0,174623834.0,163011041.0,158080470.0,150080660.0,108752694.0,115669146.0,85515249.0,91451239.0,20856854.0,21647218.0,18127632.0,17232425.0,14202008.0,13531237.0,0.0,0.0,0.0,0.0,0.0,0.0,1.5313845931426866,1.4509354666627625,1.5313845931426866,1.4509354666627625,0.8877960990026832,0.9119902770332311,0.47028177432494067,0.4769847880441812,0.5297182256750593,0.5230152119558188,0.16668673973262677,0.1489803080244061,0.034997632289034915,0.0347766184206915,0.08132915006321531,0.08300810127333645,0.26799638438831563,0.29728115422775125,-0.05979513326743158,0.05194898570572627,0.0,0.0
FIRST PHILIPPINE HOLDINGS CORPORATION,"Jun 30, 2025",PHP,536092.0,526938.0,255165.0,255966.0,166104.0,163385.0,94432.0,94432.0,280927.0,270972.0,173404.0,165703.0,171977.0,163532.0,128139.0,130493.0,100684.0,102598.0,25824.0,26100.0,21779.0,20504.0,12947.0,12122.0,20.18,17.54,20.18,17.54,427.83,374.99,1.7589800067773635,1.7301868010843782,1.7589800067773635,1.7301868010843782,0.9082964613582888,0.9446215845179575,0.4759724077210628,0.48576113318834474,0.5240275922789372,0.5142388668116553,0.16996386736278574,0.15712720222540671,0.024150705475925772,0.023004603957201795,0.07466379091601116,0.07315498210654002,0.23902427195332143,0.24764393533964146,-0.01803928180055635,0.06218298868513461,0.1505131128848347,0.14091042427798067
"FORUM PACIFIC, INC.","Sep 30, 2025",PHP,261655349.0,258355978.0,7228996.0,8451227.0,273695.0,132787.0,3562185.0,3562185.0,254426353.0,249904751.0,254426353.0,249904751.0,0.0,0.0,0.0,0.0,1892631.0,2000127.0,-2076436.0,-2028833.0,-2076436.0,-2028833.0,-2076436.0,-2028833.0,0.0,0.0,0.0,0.0,0.22,0.21,0.07683346036210921,0.03727683991707337,0.07683346036210921,0.03727683991707337,0.028412921518393183,0.03381779244364986,0.027627931275351073,0.03271155970697144,0.9723720687246489,0.9672884402930285,-inf,-inf,-0.007935767443454787,-0.007852858740508803,-0.008161245781013887,-0.008118425087484631,0.0,0.0,0.0,0.023463242169266766,0.0,0.047619047619047665
"FRUITAS HOLDINGS, INC.","Jun 30, 2025",PHP,2652773366.0,2583767485.0,856659605.0,858057120.0,1062310589.0,978068171.0,799769121.0,782641228.0,1796113761.0,1725710365.0,1663316184.0,1592912788.0,456961484.0,384728091.0,2194219417.0,2121352414.0,2007966259.0,1967107766.0,161895438.0,140646069.0,111211679.0,99531407.0,111211679.0,99531407.0,0.03,0.03,0.03,0.03,0.78,0.75,1.3282715737658493,1.2497018250615337,1.3282715737658493,1.2497018250615337,0.4769517519441799,0.49721965945310875,0.3229298122408848,0.33209533171286887,0.6770701877591152,0.6679046682871311,0.050683937138817144,0.04691884589431542,0.04192279688320725,0.038521812654516006,0.06686141821367621,0.06248390228881758,0.8271416793921476,0.8210306950278848,0.03434931533257255,0.11735262619165024,0.0,0.040000000000000036
GREENERGY HOLDINGS INCORPORATED,"Jun 30, 2025",PHP,1989063090.0,1978312478.0,427393258.0,424282725.0,1363915498.0,1363915498.0,416419666.0,413309133.0,1561669832.0,1554029753.0,1500396467.0,1487394345.0,1515641654.0,1498593796.0,105228878.0,3990073.0,71325931.0,34802536.0,34131148.0,-31118204.0,34131148.0,-31118204.0,41998391.0,-23148759.0,0.01,0.0,0.01,0.0,0.58,0.61,3.275338821293805,3.2999887713587013,3.275338821293805,3.2999887713587013,0.27367709181693406,0.27302097928365726,0.21487164492102662,0.21446699129600294,0.7851283550789734,0.7855330087039971,0.3243515339962097,-7.798905934803699,0.021114660068424475,-0.01170126522348104,0.027991528855019626,-0.015563296363077137,0.05290374072548901,0.0020169073613860106,25.372669873458456,-2.096822554412202,inf,-0.04918032786885251
"GT CAPITAL HOLDINGS, INC.","Jun 30, 2025",PHP,479305.0,474088.0,186461.0,194238.0,148381.0,148381.0,107127.0,107127.0,292844.0,279850.0,276981.0,262517.0,178434.0,161734.0,263103.0,227400.0,219382.0,196437.0,43721.0,30963.0,37423.0,26538.0,27705.0,20452.0,84.72,63.17,84.72,63.17,1253.5,1186.32,1.3850943272937728,1.3850943272937728,1.3850943272937728,1.3850943272937728,0.6367246725218888,0.6940789708772557,0.389023690551945,0.4097087460555846,0.610976309448055,0.5902912539444154,0.1422370706529382,0.11670184696569921,0.05780244312076861,0.04313967027218575,0.10002491145602045,0.07790733552493743,0.5489260491753685,0.47965778505256407,0.15700527704485487,0.4101665536212224,0.3411429476017096,0.0566289028255446
"HOUSE OF INVESTMENTS, INC.","Jun 30, 2025",PHP,168891604313.0,167596558405.0,114229273859.0,114722649084.0,84681008868.0,84681008868.0,93495987001.0,91569298494.0,54662330454.0,52873909321.0,34245366520.0,33117241280.0,14362430966.0,13513200762.0,31136637437.0,29439376383.0,25364840743.0,22711658586.0,2235575618.0,3085530350.0,1745494088.0,2603515971.0,1051611562.0,1447254929.0,0.58,0.58,0.58,0.58,37.2,35.99,0.9057181124479095,0.9247751185245636,0.9057181124479095,0.9247751185245636,2.0897256467162038,2.1697402472647402,0.6763466681700974,0.6845167357599953,0.32365333182990264,0.3154832642400047,0.05605917117838199,0.08843651907325797,0.006226547295098759,0.00863534993065122,0.030708141534587962,0.04370095071517986,0.18435870488444012,0.17565621074305854,0.057652751604483604,-0.3295627499724679,0.0,0.033620450125034756
"INTEGRATED MICRO-ELECTRONICS, INC.","Jun 30, 2025",PHP,47071734.0,46782516.0,32065143.0,33606577.0,35522720.0,34785987.0,24991161.0,24991161.0,15006591.0,13175939.0,14824340.0,12895925.0,2777366.0,2329615.0,44005091.0,49647910.0,42594106.0,50039375.0,775142.0,-1348799.0,558612.0,-1485915.0,701805.0,-818212.0,0.0,0.0,0.0,0.0,6.49,5.9,1.4214113541983904,1.3919316113405056,1.4214113541983904,1.3919316113405056,2.1367373176226367,2.5506020481728093,0.6811974039452211,0.7183576231770006,0.31880259605477884,0.2816423768229994,0.012694258489318884,-0.02992905441538224,0.014909265930165224,-0.01748969636434261,0.04734139934728966,-0.06344732929200503,0.9348517095206222,1.0612492496128254,-0.11365672794685618,-1.3759380583680763,0.0,0.09999999999999996
"IONICS, INC.","Jun 30, 2025",PHP,6872674.0,6932559.0,2899201.0,2968644.0,4380573.0,4338093.0,2303301.0,2303301.0,3973473.0,3963915.0,2103645.0,2105179.0,2572459.0,2565497.0,4713864.0,4702949.0,4477274.0,4452494.0,170864.0,206618.0,138591.0,182605.0,135641.0,179183.0,0.0,0.0,0.0,0.0,4.72,4.72,1.901867363405825,1.8834242680396527,1.901867363405825,1.8834242680396527,0.7296390336614845,0.74891716901094,0.42184468519822127,0.42821763219036435,0.5781553148017787,0.5717823678096356,0.029400720937218384,0.03882776530215403,0.019736277320879764,0.025846588539672,0.06447903519842939,0.08511532748521622,0.6858849990556806,0.678385715866248,0.0023208841941513717,-0.24103392568659127,0.0,0.0
"JG SUMMIT HOLDINGS, INC.","Jun 30, 2025",PHP,1048144242.0,1042498297.0,551885010.0,568363664.0,235201237.0,235201237.0,228551009.0,228551009.0,496259232.0,474134634.0,379928762.0,364441164.0,291072498.0,279255194.0,289865859.0,279097003.0,241096580.0,237776019.0,46189096.0,35505964.0,41178087.0,30638638.0,25642650.0,18693580.0,1.99,1.97,1.99,1.97,50.52,48.46,1.0290973469296738,1.0290973469296738,1.0290973469296738,1.0290973469296738,1.1120901625866377,1.1987389725256814,0.5265353640133816,0.5451938536835806,0.47346463598661837,0.45480614727565355,0.14205911362607213,0.1097777391755081,0.02446481025461761,0.017931520899165554,0.06749331075913648,0.05129382146304417,0.2765514968120199,0.26771938506101944,0.03858463503457971,0.3439920860711889,0.0101522842639594,0.0425092860090797
JOLLIBEE FOODS CORPORATION,"Jun 30, 2025",PHP,269220594.0,263550894.0,191287123.0,168983475.0,70483084.0,65774920.0,72122229.0,68419332.0,77933471.0,94567419.0,76449806.0,73038833.0,52519220.0,48582366.0,227095247.0,197227660.0,213593052.0,184844030.0,13502195.0,12383630.0,9330081.0,9078235.0,8827512.0,8699082.0,4.86,4.87,4.84,4.86,61.52,73.78,0.9772726796893646,0.961349929578383,0.9772726796893646,0.961349929578383,2.4544925376158337,1.786910087923622,0.7105218815466993,0.6411796690775027,0.2894781184533008,0.35882033092249727,0.041084439781339854,0.04602921821411865,0.03278914093770999,0.03300721871199572,0.11546807587713172,0.1191021494004429,0.8435285117898521,0.7483475278972114,0.15143711079875916,0.02774173614144159,-0.0020533880903490323,-0.16616969368392515
JOLLIVILLE HOLDINGS CORPORATION,"Jun 30, 2025",PHP,7016096999.0,7010118521.0,3281357839.0,3093991747.0,1459698422.0,1459698422.0,2550425422.0,2258894511.0,3734739160.0,3916126774.0,2791934415.0,2955926398.0,2230147938.0,2394139921.0,1088304914.0,1035905123.0,1054433131.0,918554897.0,-25433098.0,54502874.0,-38625600.0,43158718.0,-7033538.0,38947376.0,0.01,0.12,0.01,0.12,9.92,10.5,0.5723352697979812,0.6462003492822689,0.5723352697979812,0.6462003492822689,0.8786042875883199,0.7900642460151368,0.46768991926247455,0.44136083259240516,0.5323100807375254,0.5586391674075948,-0.03549152402338597,0.04166280969343174,-0.0010024858551702586,0.005555879816200899,-0.002519234679085397,0.013176030372864514,0.15511543157899832,0.147772840059233,0.05058358129193266,-1.89496634260545,-0.9166666666666667,-0.055238095238095246
"KEPPEL PHILIPPINES HOLDINGS, INC.","Mar 31, 2025",PHP,1803216216.0,1794346896.0,17493839.0,17638483.0,1283104165.0,1274192529.0,3418480.0,3418480.0,1785722377.0,1776708413.0,1553373774.0,1544489277.0,1360444667.0,1351560170.0,37666260.0,2581610834.0,12367606.0,9308386.0,25298654.0,2572302448.0,18027928.0,1931835122.0,17768994.0,996804826.0,0.16,8.71,0.16,8.71,27.14,26.99,375.34347575530643,372.73657561255294,375.34347575530643,372.73657561255294,0.009796505450858221,0.009927618325517548,0.009701464996142203,0.009830029544075407,0.9902985350038578,0.9901699704559246,0.47862272495331365,0.7483060949999096,0.009854056237036413,0.5555251485775135,0.0114389687127549,0.6453944620037657,0.02088837692661921,1.4387467884582334,-0.9854097838822441,-0.9906679779269486,-0.981630309988519,0.005557613931085666
"LIBERTY FLOUR MILLS, INC.","Jun 30, 2025",PHP,4088079235.0,4395862959.0,2188596026.0,2027571648.0,2876371827.0,2876371827.0,2180694716.0,2024470338.0,1899483208.0,2772017272.0,972100214.0,2772017272.0,330554636.0,806229896.0,799557612.0,907547348.0,748971580.0,832933785.0,44169500.0,74882896.0,24430222.0,59976234.0,0.0,0.0,0.1,0.22,0.1,0.22,12.66,15.79,1.3190162776548866,1.420802158969444,1.3190162776548866,1.420802158969444,1.1522060404547678,0.731442645931681,0.535360471309456,0.4612454180012121,0.4646395284459304,0.6305968356735572,0.030554673776278175,0.06608606606825763,0.0,0.0,0.0,0.0,0.19558270914971637,0.2064548773391368,-0.11899074603433253,-0.5926682892427023,-0.5454545454545454,-0.1982267257758074
LMG CORP.,"Jun 30, 2025",PHP,326954675.0,306578506.0,4725.0,110612.0,326954675.0,306578506.0,110612.0,110612.0,326949950.0,306467894.0,326949950.0,306467894.0,82114213.0,61632157.0,0.0,0.0,1976245.0,1949736.0,41418245.0,13637136.0,41418245.0,13637136.0,41418245.0,13637136.0,0.1,0.0,0.01,0.0,0.16,0.15,2955.869842331754,2771.656836509601,2955.869842331754,2771.656836509601,1.4451753242354067e-05,0.0003609252458921521,1.445154439220054e-05,0.00036079502585872734,0.9999855484556078,0.9996392049741413,inf,inf,0.1266788584686853,0.0444817093602772,0.1266806892002889,0.044497763932165764,0.0,0.0,0.0,2.0371659415877352,inf,0.06666666666666674
LODESTAR INVESTMENT HOLDINGS CORPORATION,"Sep 30, 2025",PHP,226900714.0,227474716.0,528711.0,238246.0,227474716.0,227474716.0,528711.0,238246.0,226372003.0,227236470.0,226372003.0,227236470.0,0.0,0.0,0.0,0.0,1161940.0,1347041.0,-1159804.0,-1317086.0,-1159804.0,-1317086.0,0.0,0.0,0.0,0.0,0.0,0.0,0.08,0.08,430.2439631481093,954.7892346566155,430.2439631481093,954.7892346566155,0.0023355847586859053,0.001048449661271362,0.002330142513346168,0.0010473515658768863,0.9976698574866538,0.9989526484341231,-inf,-inf,0.0,0.0,0.0,0.0,0.0,0.0,0.0,-0.11941665160817137,0.0,0.0
LOPEZ HOLDINGS CORPORATION,"Jun 30, 2025",PHP,536134.0,527649.0,255909.0,256268.0,167212.0,162605.0,94584.0,94584.0,280225.0,271381.0,104052.0,92171.0,84173.0,79286.0,128139.0,130493.0,100799.0,102716.0,25603.0,24404.0,21562.0,18805.0,7936.0,5070.0,1.4,0.89,1.4,0.89,22.56,21.17,1.767867715469847,1.719159688742282,1.767867715469847,1.719159688742282,0.9132268712641627,0.9443107660447857,0.4773228334707368,0.485678926710749,0.5226771665292632,0.514321073289251,0.1682703938691577,0.14410734675423204,0.014802269581858266,0.009608660302587516,0.07626955752892785,0.05500645539269401,0.2390055471206825,0.24731023843502026,-0.01803928180055635,0.14660994416378623,0.5730337078651684,0.06565895134624454
"LT GROUP, INC.","Jun 30, 2025",PHP,1412684356000.0,1374329859000.0,1069457612000.0,1044117657000.0,726108902000.0,726108902000.0,1024850183000.0,999241910000.0,343226744000.0,330212202000.0,240036862000.0,231085580000.0,183913642000.0,175231056000.0,96465884000.0,93759220000.0,72157726000.0,74641131000.0,37249646000.0,30271013000.0,31108771000.0,26101957000.0,22694754000.0,19179827000.0,1.38,1.18,1.38,1.18,22.18,21.35,0.7085024855774457,0.7266597755092158,0.7085024855774457,0.7266597755092158,3.115892425911892,3.161959644967935,0.7570393254924669,0.7597285689184753,0.2429606745075331,0.24027143108152466,0.3224846931377315,0.2783934955943533,0.01606498571574753,0.013955766786552805,0.09454695337585274,0.08299880503145199,0.06828551869374562,0.06822177324170325,0.028868243571138923,0.19181757137980113,0.16949152542372878,0.03887587822014043
MABUHAY HOLDINGS CORPORATION,"Jun 30, 2025",PHP,813687137.0,806555741.0,381979542.0,382124890.0,149536453.0,143104836.0,229589175.0,229589175.0,431707595.0,424430851.0,189156735.0,179319765.0,0.0,0.0,57825905.0,5204998.0,20843264.0,34917768.0,36982641.0,-29712770.0,36880368.0,-29942076.0,40653383.0,-31173439.0,0.03,0.0,0.03,0.0,0.36,0.35,0.6513218796138799,0.6233082896874385,0.6513218796138799,0.6233082896874385,0.8848107988463811,0.9003230775983342,0.46944276814836755,0.4737736904906613,0.5305572318516324,0.5262263095093387,0.6377828068579299,-5.752562440946183,0.049961933956441544,-0.03865007390729118,0.21491903526459155,-0.1738427384175972,0.07106650992812732,0.006453364269091477,10.109688226585293,-2.23172381233686,inf,0.0285714285714286
MABUHAY VINYL CORPORATION,"Jun 30, 2025",PHP,4603294.0,4588445.0,515221.0,590725.0,2658276.0,2642280.0,475989.0,475989.0,4088073.0,3997720.0,4088073.0,3997720.0,3260762.0,3170409.0,2541474.0,2266804.0,2261032.0,1962382.0,322098.0,360433.0,241574.0,271305.0,241574.0,270790.0,0.24,0.28,0.24,0.28,6.18,6.05,5.5847425045536765,5.551136685931818,5.5847425045536765,5.551136685931818,0.1260302837057949,0.14776547632150325,0.11192441760183035,0.12874187224648,0.8880755823981696,0.87125812775352,0.09505271350405316,0.11968613078148795,0.05247850778160161,0.059015636016123106,0.05909238900577363,0.067736109582462,0.5520989969356725,0.49402444619037605,0.12117059966366743,-0.10958515324081752,-0.14285714285714296,0.021487603305785107
"MACAY HOLDINGS, INC.","Jun 30, 2025",PHP,7356122990.0,7390278433.0,2102508715.0,2438945718.0,2588956133.0,2588956133.0,1284363188.0,1284363188.0,5253614275.0,4951332715.0,3814949099.0,3813218071.0,2746053352.0,2390673044.0,3696189304.0,3189062833.0,3025416082.0,2714892337.0,637618176.0,440134374.0,579227843.0,398155411.0,579227843.0,398155411.0,0.33,0.24,0.33,0.24,4.92,4.63,2.015750807239735,2.015750807239735,2.015750807239735,2.015750807239735,0.40020233784673886,0.49258368572389505,0.2858175043916714,0.33002081587471904,0.7141824956083286,0.669979184125281,0.15670946354754128,0.124850287325775,0.07874091335713243,0.05387556295877925,0.15183108030244258,0.10441454005162246,0.5024643156489693,0.4315213373774655,0.15902053285131995,0.45477827752038263,0.3750000000000001,0.06263498920086394
MANILA ELECTRIC COMPANY,"Jun 30, 2025",PHP,753924.0,617958.0,554070.0,432076.0,192398.0,179616.0,244730.0,236374.0,199854.0,185882.0,153922.0,144599.0,131492.0,123339.0,375927.0,370406.0,336278.0,331502.0,45657.0,45121.0,37975.0,36476.0,36822.0,35285.0,20.97,19.91,20.97,19.91,177.32,164.92,0.7861643443795203,0.759880528315297,0.7861643443795203,0.759880528315297,2.7723738328980154,2.3244639072099504,0.734914925111815,0.6991996219807819,0.265085074888185,0.30080037801921816,0.10101695275944532,0.09847572663509771,0.04884046667833893,0.057099349793998944,0.2392250620444121,0.24401966818581042,0.49862718258073757,0.5994031956864382,0.01490526611339989,0.04109551485908543,0.05323957810145649,0.07518796992481207
"MANILA WATER COMPANY, INC.","Jun 30, 2025",PHP,234107923.0,227943542.0,153128202.0,150608513.0,14060008.0,13794037.0,36691417.0,29856355.0,80979721.0,77335029.0,78563066.0,75239631.0,71831655.0,69347330.0,30450095.0,27889897.0,12568411.0,12647448.0,16773123.0,14449227.0,12851016.0,11104019.0,12351074.0,10705359.0,2.69,2.35,2.69,2.35,30.05,28.82,0.3831961027833839,0.4620134306414832,0.3831961027833839,0.4620134306414832,1.890945042895369,1.9474811731175532,0.6540923520986516,0.6607272646487172,0.3459076479013485,0.3392727353512827,0.4220353335515045,0.39813768405096656,0.05275803501960077,0.04696495854223411,0.15721221979804098,0.14228351279394233,0.13006862223966678,0.12235440739093192,0.0917966100771186,0.15733015226288788,0.14468085106382972,0.04267869535045109
"MAX'S GROUP, INC.","Jun 30, 2025",PHP,13292319.0,13490343.0,7548102.0,7818650.0,3636274.0,3636274.0,3376359.0,3376359.0,5954328.0,6184059.0,5954328.0,6184059.0,2234406.0,2228534.0,8900096.0,8905841.0,8514590.0,8415847.0,363487.0,432764.0,252133.0,257210.0,252872.0,256406.0,0.19,0.21,0.19,0.21,7.37,7.29,1.0769808542278827,1.0769808542278827,1.0769808542278827,1.0769808542278827,1.267666477224634,1.2643233190368979,0.5678544127627392,0.5795738477516843,0.4479525355959333,0.45840635779238526,0.028329244987919232,0.028881045596929028,0.019023919001642978,0.01900663311525882,0.042468604349642815,0.041462411661984465,0.6695668378106183,0.6601641633574477,-0.0006450822555668802,-0.019738734885890907,-0.09523809523809519,0.010973936899862835
"MAYNILAD WATER SERVICES, INC.",0,PHP,0.0,0.0,0.0,0.0,0.0,0.0,0.0,0.0,0.0,0.0,0.0,0.0,0.0,0.0,0.0,0.0,0.0,0.0,0.0,0.0,0.0,0.0,0.0,0.0,0.0,0.0,0.0,0.0,0.0,0.0,0.0,0.0,0.0,0.0,0.0,0.0,0.0,0.0,0.0,0.0,0.0,0.0,0.0,0.0,0.0,0.0,0.0,0.0,0.0,0.0,0.0,0.0
MEGAWIDE CONSTRUCTION CORPORATION,"Jun 30, 2025",PHP,66269226094.0,63336756031.0,47929183395.0,46344815190.0,50194213078.0,47148175989.0,29190671065.0,28103796426.0,18340042699.0,16991940841.0,17809187382.0,16462710338.0,6574604523.0,6460568054.0,13229612961.0,17703000367.0,12217711403.0,16691855283.0,1011901558.0,1011145084.0,663610984.0,691745786.0,655584564.0,705685711.0,0.05,0.04,0.0,0.0,4.7,4.64,1.7195292621478484,1.6776443749564471,1.7195292621478484,1.6776443749564471,2.613362693949091,2.727458600737015,0.7232494812451039,0.7317206957570839,0.27675051875489615,0.2682793042429161,0.05016102783628516,0.039075059123281554,0.009892745134371751,0.01114180383116881,0.03681159336122257,0.04286570658848945,0.1996343361884802,0.2795059531993605,-0.25269091754292683,-0.0406721697036836,0.25000000000000006,0.012931034482758728
METRO GLOBAL HOLDINGS CORPORATION,"Jun 30, 2025",PHP,4378038575.0,4434217389.0,877153074.0,949334978.0,77426335.0,77426335.0,426340500.0,422629236.0,3528234529.0,3505979968.0,3528234529.0,3505979968.0,61378875.0,45231953.0,0.0,0.0,38512205.0,48969000.0,28684967.0,-16874648.0,28684967.0,-16874648.0,28684967.0,-16874648.0,0.0,0.0,0.0,0.0,1.27,1.27,0.181606802543976,0.1832015592030647,0.181606802543976,0.1832015592030647,0.24860962807044734,0.2707759276050718,0.2003529797587496,0.21409301680946521,0.8058938879952651,0.7906648818565625,inf,-inf,0.006552013306552467,-0.003805552709675687,0.008130119118847272,-0.004813104511155039,0.0,0.0,0.0,-2.69988535464562,0.0,0.0
"MILLENNIUM GLOBAL HOLDINGS, INC.","Jun 30, 2025",PHP,2093683701.0,2038174167.0,1436004041.0,1380437031.0,1817972716.0,1746165859.0,1389421650.0,1285498845.0,657679660.0,657737136.0,419506100.0,419900349.0,0.0,0.0,488121689.0,427158256.0,467702120.0,404675431.0,783673.0,1988956.0,243020.0,-299662.0,-386216.0,-788550.0,0.0,0.0,0.0,0.0,0.28,0.28,1.3084384542302188,1.3583566144705481,1.3084384542302188,1.3583566144705481,2.1834399455199818,2.0987670536516583,0.685874394644294,0.6772910055237689,0.314125605355706,0.32270899447623114,0.0004978676536538823,-0.0007015245422296133,-0.00018446721432446208,-0.0003868903908053506,-0.0009206445388994344,-0.0018779455694141374,0.2331401294125086,0.20957887844724116,0.14271861106203224,-1.8109803712182393,0.0,0.0
MONDE NISSIN CORPORATION,"Jun 30, 2025",PHP,76422418.0,78086748.0,18139863.0,22547846.0,33927344.0,33927344.0,15537271.0,15537271.0,58282555.0,55538902.0,58098713.0,55366514.0,3022974.0,1307051.0,62032990.0,59960588.0,53446479.0,50453603.0,8315484.0,7106185.0,6091994.0,4707240.0,6088309.0,4695959.0,0.25,0.23,0.25,0.23,3.23,3.08,2.1836102363149874,2.1836102363149874,2.1836102363149874,2.1836102363149874,0.3112400099824038,0.4059829270661491,0.2373631124835647,0.28875381005750167,0.7626368875164353,0.7112461899424983,0.09820571279894778,0.07850556769056367,0.07966653188073688,0.06013772016731955,0.10479249342407981,0.08481586902870569,0.8117119508048019,0.7678714959419235,0.0345627364428114,0.2941753554099642,0.08695652173913039,0.04870129870129867
"PACIFICA HOLDINGS, INC.","Sep 30, 2025",PHP,104227240.0,105676143.0,2144322.0,2154321.0,105676143.0,105676143.0,2154321.0,2154321.0,102082918.0,103521822.0,102082918.0,103521822.0,0.0,0.0,0.0,0.0,1649669.0,2414045.0,-1647308.0,-2409963.0,-1647308.0,-2409963.0,-1647308.0,-2409963.0,0.0,0.0,0.0,0.0,0.31,0.31,49.053109077059545,49.053109077059545,49.053109077059545,49.053109077059545,0.02100568872845112,0.020810307994772348,0.02057352761139986,0.020386067648210816,0.9794264723886001,0.9796139323517892,-inf,-inf,-0.01580496614896451,-0.022805175620385768,-0.01613696034825337,-0.02327975834892087,0.0,0.0,0.0,-0.31645921534894933,0.0,0.0
PANASONIC MANUFACTURING PHILIPPINES CORPORATION,"Jun 30, 2025",PHP,9752856.0,9571477.0,4343678.0,4244684.0,8601850.0,8410561.0,3884942.0,3856273.0,5409178.0,5326793.0,5334311.0,5252495.0,5031638.0,4949823.0,9087776.0,8900496.0,8779328.0,8671638.0,914446.0,248930.0,789798.0,197398.0,788660.0,196574.0,0.93,0.23,0.93,0.23,12.8,12.6,2.2141514596614313,2.1810076724339797,2.2141514596614313,2.1810076724339797,0.8030199782665685,0.7968554437914145,0.4453749752892896,0.44347220392422193,0.5546250247107104,0.5565277960757781,0.08690773188071536,0.022178314556851663,0.08086451804476555,0.020537478176043258,0.14784664786136392,0.0374248809375354,0.9318066420748958,0.9298978621585781,0.02104152397798954,3.0010435769359365,3.0434782608695654,0.01587301587301596
PETROENERGY RESOURCES CORPORATION,"Jun 30, 2025",PHP,24149678812.0,23360640735.0,10069645371.0,9744090656.0,4598250872.0,4598250872.0,2760284185.0,2233380557.0,14080033441.0,13616550079.0,8320499977.0,8069731218.0,4005465622.0,3754431369.0,3137886853.0,2689806947.0,2424491836.0,1896131128.0,713395017.0,793675819.0,646695432.0,732245290.0,358605987.0,453928944.0,0.44,0.56,0.0,0.0,14.63,14.19,1.6658613982530932,2.0588747661422397,1.6658613982530932,2.0588747661422397,0.7151719783333716,0.7156064200893099,0.4169680867969301,0.41711572754085247,0.5830319132030699,0.5828842724591475,0.20609265480102382,0.2722296820657293,0.014849306684021334,0.01943135674870007,0.043099091159338875,0.05625081328452246,0.12993493111969592,0.11514268711688229,0.16658441101126356,-0.1168322407372535,-0.21428571428571436,0.031007751937984586
PETRON CORPORATION,"Jun 30, 2025",PHP,444952.0,468802.0,339040.0,364592.0,255873.0,255873.0,252259.0,252259.0,105912.0,104210.0,96231.0,95117.0,35541.0,33715.0,579858.0,662632.0,559038.0,637944.0,8024.0,10145.0,6479.0,8247.0,5903.0,7940.0,0.3,0.4,0.0,0.0,2.78,2.53,1.0143265453363408,1.0143265453363408,1.0143265453363408,1.0143265453363408,3.2011481229700127,3.4986277708473277,0.761969830453622,0.7777099927048092,0.23803016954637804,0.22229000729519072,0.011173425217898176,0.01244582211544266,0.013266599543321527,0.016936787812338684,0.061341979195893216,0.08347613991189798,1.3031922544454233,1.4134581337110337,-0.12491699766989822,-0.21438098702558506,-0.25000000000000006,0.09881422924901187
PHILIPPINE NATIONAL CONSTRUCTION CORPORATION,0,PHP,0.0,0.0,0.0,0.0,0.0,0.0,0.0,0.0,0.0,0.0,0.0,0.0,0.0,0.0,0.0,0.0,0.0,0.0,0.0,0.0,0.0,0.0,0.0,0.0,0.0,0.0,0.0,0.0,0.0,0.0,0.0,0.0,0.0,0.0,0.0,0.0,0.0,0.0,0.0,0.0,0.0,0.0,0.0,0.0,0.0,0.0,0.0,0.0,0.0,0.0,0.0,0.0
PHINMA CORPORATION,"Jun 30, 2025",PHP,53984622.0,53859993.0,38713650.0,38037003.0,26030580.0,26030580.0,30533013.0,30533013.0,15270972.0,15822990.0,8576605.0,9337002.0,4394340.0,5052873.0,15042272.0,15294391.0,14685662.0,14759221.0,-1026841.0,-168734.0,-1016468.0,-296071.0,-1101392.0,-418306.0,0.0,0.0,0.0,0.0,25.5,27.76,0.8525388568759984,0.8525388568759984,0.8525388568759984,0.8525388568759984,2.5351136784220416,2.4039074157286326,0.7171236653282484,0.7062199766717385,0.2828763346717515,0.2937800233282615,-0.0675741005082211,-0.019358142471968973,-0.020401958172458816,-0.007766543898362556,-0.1284181794544578,-0.044800890050146716,0.2786399430563763,0.28396570716227165,-0.016484409219039844,2.4331900118552645,0.0,-0.08141210374639775
"PHOENIX PETROLEUM PHILIPPINES, INC.","Sep 30, 2023",PHP,82669956063.0,85791987813.0,72310358038.0,71712055949.0,32607145184.0,32049644037.0,48678071375.0,48678071375.0,10359598025.0,14079931864.0,10083802981.0,13800098863.0,0.0,0.0,58047866416.0,123660732408.0,59723323234.0,123272156801.0,-5590666943.0,-2709869851.0,-5310503328.0,-1938264267.0,-5304045470.0,-2018029966.0,0.0,0.0,0.0,0.0,1.97,4.55,0.6698528570042387,0.6584000378753707,0.6698528570042387,0.6584000378753707,6.980035119461115,5.093210438919494,0.874687268285164,0.8358829044188847,0.125312731714836,0.1641170955811153,-0.09148490126996711,-0.01567404809317309,-0.06415928739526564,-0.023522359341978195,-0.5259965392019196,-0.14623300789609714,0.7021639925847265,1.441401878664266,-0.530587719434818,1.739824191372765,0.0,-0.567032967032967
"PRIME MEDIA HOLDINGS, INC.","Jun 30, 2025",PHP,871756711.0,875226406.0,429247045.0,430392283.0,506836106.0,506836106.0,215642284.0,215642284.0,442509666.0,444834123.0,0.0,0.0,0.0,0.0,9031.0,30119.0,3430900.0,5754989.0,-3421869.0,-5724870.0,-3421869.0,-5724870.0,0.0,0.0,0.0,0.0,0.0,0.0,0.45,0.45,2.350355860634457,2.350355860634457,2.350355860634457,2.350355860634457,0.9700286298378847,0.9675343251488825,0.49239316380783216,0.49174965477446986,0.5076068361921678,0.5082503452255301,-378.90255785627284,-190.07503569175603,0.0,0.0,0.0,0.0,1.0359541700161343e-05,3.441280998096394e-05,-0.7001560476775457,-0.4022800517741014,0.0,0.0
PRYCE CORPORATION,"Sep 30, 2025",PHP,30458792583.0,27111216373.0,8845943277.0,7990788982.0,13513433524.0,11348212609.0,6170403029.0,5912054321.0,21612849306.0,19120427391.0,20399409935.0,18075699645.0,15229184984.0,12791652058.0,21059557874.0,20471001155.0,17624311156.0,16846922673.0,4777939097.0,3907185066.0,4051164347.0,3105230751.0,3753998325.0,2870919342.0,1.47,1.08,0.0,0.0,11.49,10.16,2.190040660308382,1.9195041169852607,2.190040660308382,1.9195041169852607,0.40929093391421806,0.41791895225947046,0.29042330725667687,0.2947410721843528,0.7095766927433231,0.7052589278156473,0.1923670179230848,0.1516892470225646,0.12324842866868016,0.10589415474766901,0.184024848608936,0.15882756398832606,0.69141144766697,0.7550749797927556,0.028750754032185976,0.30462586256927093,0.361111111111111,0.13090551181102364
RASLAG CORP.,"Jun 30, 2025",PHP,4761800189.0,4720408861.0,2517852509.0,2524755486.0,415109675.0,388162116.0,876596477.0,876596477.0,2243947680.0,2195653375.0,0.0,0.0,435674148.0,387379843.0,469513361.0,375168262.0,263097346.0,198582897.0,103524401.0,139245001.0,94200387.0,128491973.0,0.0,0.0,0.03,0.05,0.03,0.05,1.5,1.46,0.47354704917437174,0.4428059274529802,0.47354704917437174,0.4428059274529802,1.1220638214702048,1.1498880081652232,0.5287606386375403,0.5348594921214389,0.4712393613624597,0.4651405078785611,0.20063409228518206,0.3424915858154334,0.0,0.0,0.0,0.0,0.09859997109593126,0.07947791664820367,0.25147409457572933,-0.26687726244191146,-0.4000000000000001,0.02739726027397263
REPOWER ENERGY DEVELOPMENT CORPORATION,"Jun 30, 2025",PHP,7469729126.0,6509831437.0,5085549706.0,4277855976.0,792588874.0,792588874.0,1590916746.0,1583407656.0,2384179420.0,2231975461.0,2233032656.0,2089059649.0,712620249.0,568647241.0,538352584.0,392175625.0,235332449.0,203917622.0,212700162.0,123398849.0,212700162.0,123786662.0,197737618.0,115344874.0,0.22,0.15,0.22,0.15,3.44,3.21,0.4981963235931643,0.500558950183578,0.4981963235931643,0.500558950183578,2.1330398473114913,1.9166232114771444,0.6808211677045489,0.657137748864879,0.319178832295451,0.34286225113512103,0.39509453157932645,0.31564088665632906,0.0264718592420884,0.01771856539086605,0.08855115372750734,0.05521377719167271,0.07207123242610605,0.06024359137334757,0.3727334124857964,0.7182801326365841,0.46666666666666673,0.07165109034267912
REPUBLIC GLASS HOLDINGS CORPORATION,"Sep 30, 2025",PHP,2841051.0,2804023.0,235203.0,238065.0,1441246.0,1407112.0,43439.0,43439.0,2605848.0,2565958.0,2407231.0,2372274.0,994163.0,955533.0,88325.0,182981.0,24682.0,25581.0,63643.0,157400.0,54468.0,139459.0,59195.0,104434.0,0.06,0.13,0.06,0.13,3.82,3.76,33.178618292317964,32.392826722530444,33.178618292317964,32.392826722530444,0.09025967746391962,0.09277821382890912,0.082787320607761,0.08490122941216958,0.917212679392239,0.9150987705878304,0.6166770450042457,0.7621501685967396,0.020835599220147754,0.03724434500002318,0.024590494223445943,0.04402273936315957,0.031088847049912164,0.06525659739595574,-0.5172996103420574,-0.6094335969711528,-0.5384615384615385,0.015957446808510654
RFM CORPORATION,"Sep 30, 2025",PHP,23977.0,24284.0,8669.0,9529.0,10928.0,10928.0,8619.0,8619.0,15327.0,14775.0,15327.0,14775.0,7441.0,6889.0,20679.0,20383.0,18486.0,18300.0,2234.0,2087.0,1732.0,1580.0,1733.0,1580.0,0.37,0.33,0.37,0.33,4.55,4.39,1.2678965077155122,1.2678965077155122,1.2678965077155122,1.2678965077155122,0.5656031839237946,0.6449407783417935,0.3615548233723985,0.3923982869379015,0.63923760270259,0.6084253006094548,0.0837564679143092,0.0775155767060786,0.07227759936605914,0.06506341624114644,0.11306844131271612,0.10693739424703892,0.8624515160362014,0.8393592488881568,0.014521905509493204,0.09620253164556962,0.12121212121212115,0.036446469248291605
"ROXAS AND COMPANY, INC.","Jun 30, 2025",PHP,33863340.0,35627164.0,9491506.0,10701685.0,4452197.0,841108.0,2963514.0,2963514.0,24371834.0,24925479.0,24306020.0,24831123.0,19340873.0,19866511.0,750710.0,407555.0,1549771.0,584415.0,-973275.0,-837304.0,-981775.0,-841104.0,-938059.0,-600487.0,0.0,0.0,0.0,0.0,8.69,8.89,1.5023370903596203,0.28382116635858645,1.5023370903596203,0.28382116635858645,0.38944570195250794,0.4293472153534141,0.28028853621645117,0.30037992920233564,0.7197114637835488,0.6996200707976644,-1.3077952871281853,-2.0637803486645976,-0.027701313573912083,-0.016854751615929912,-0.03859368995829017,-0.02418283699855218,0.02216881146396073,0.011439445474806808,0.8419845174270957,0.16724566759877493,0.0,-0.02249718785151868
SAN MIGUEL CORPORATION,"Jun 30, 2025",PHP,2617786.0,2676930.0,1879892.0,2000489.0,900434.0,900434.0,736915.0,736915.0,737894.0,676441.0,339724.0,282507.0,203461.0,169262.0,1075499.0,1185329.0,945788.0,1055615.0,115648.0,29194.0,90153.0,18269.0,51345.0,-17915.0,15.1,0.0,15.1,0.0,85.63,61.62,1.221896690934504,1.221896690934504,1.221896690934504,1.221896690934504,2.547645054709755,2.957373961661106,0.7181228717702669,0.7473071765044286,0.28187712822973304,0.25269282349557143,0.08382434572231122,0.015412598527497429,0.019613902740712955,-0.006692367749623636,0.15113739388444739,-0.06341435787431816,0.4108429795254463,0.44279417093461537,-0.09265781905276932,3.934752860036127,inf,0.38964621876014277
"SAN MIGUEL FOOD AND BEVERAGE, INC.","Jun 30, 2025",PHP,376666.0,377106.0,186421.0,196917.0,144192.0,144192.0,116706.0,116706.0,190245.0,180189.0,124840.0,116111.0,111937.0,102926.0,303522.0,290332.0,258644.0,250169.0,44622.0,39332.0,34346.0,29980.0,22387.0,18778.0,2.53,2.1,2.53,2.1,21.13,19.65,1.2355148835535448,1.2355148835535448,1.2355148835535448,1.2355148835535448,0.9798996031433151,1.0928358556848643,0.49492388482103505,0.5221794402634803,0.5050761151789649,0.4778205597365197,0.11315818952168212,0.10326109419561054,0.05943461846835127,0.04979501784644105,0.1793255366869593,0.16172455667421692,0.8058120456850366,0.7698949367021474,0.04543074824683466,0.1456304202801868,0.20476190476190462,0.07531806615776084
SEAFRONT RESOURCES CORPORATION,"Jun 30, 2025",PHP,773251744.0,771343373.0,75022162.0,75492453.0,149122592.0,149122592.0,822444.0,822444.0,698229582.0,695850920.0,0.0,0.0,106356361.0,104433145.0,5699818.0,5437476.0,2255883.0,9039069.0,3443935.0,-3601593.0,3438484.0,-3607904.0,0.0,0.0,0.01,0.0,0.0,0.0,4.28,4.27,181.31640816882364,181.31640816882364,181.31640816882364,181.31640816882364,0.10744626686412723,0.10848940603541919,0.09702165249820632,0.09787139637485419,0.9029783475017936,0.9021286036251458,0.6032620690695738,-0.6635255033769345,0.0,0.0,0.0,0.0,0.007371232000738947,0.007049358548128734,0.04824701755005447,-1.9530419878134229,inf,0.0023419203747074182
SEMIRARA MINING AND POWER CORPORATION,"Sep 30, 2025",PHP,70566359899.0,71193957811.0,12654814428.0,14675403370.0,32628291067.0,30198880837.0,12871517776.0,12871517776.0,57911545471.0,56518554441.0,57911545471.0,56518554441.0,47870876217.0,46477885187.0,55183339030.0,62747253022.0,42520126280.0,42980111701.0,13067737535.0,21124415909.0,11369093178.0,18825579744.0,11369093178.0,18825579744.0,2.33,3.7,2.33,3.7,13.62,13.29,2.534921804469565,2.3461786995554084,2.534921804469565,2.3461786995554084,0.21851971528435676,0.2596563821411909,0.17933211300841567,0.206132708746985,0.8206678869915843,0.793867291253015,0.20602401699214468,0.30002237289016476,0.16111208221980444,0.264426649716211,0.196318248555346,0.3330867169232383,0.7820063144674408,0.8813564374181355,-0.12054573909949483,-0.39608270594569583,-0.37027027027027026,0.02483069977426637
"SHAKEY'S PIZZA ASIA VENTURES, INC.","Jun 30, 2025",PHP,20032544844.0,20375521549.0,10850867283.0,11521795766.0,5270274931.0,5270274931.0,3796801168.0,3796801168.0,9181677561.0,8853725783.0,9181677561.0,8853725783.0,4992033428.0,4645088555.0,11147196642.0,9954464654.0,10254961690.0,8952931474.0,560866460.0,708787692.0,511829481.0,669534938.0,511829481.0,669534938.0,0.21,0.25,0.21,0.25,5.45,5.26,1.3880829408236213,1.3880829408236213,1.3880829408236213,1.3880829408236213,1.1817957242465182,1.30134996818209,0.5416619489685042,0.5654724340818393,0.4583380510314958,0.43452756591816066,0.04591553351373991,0.0672597634601034,0.0255498981774799,0.0328597693261432,0.05574465859855956,0.07562182909319047,0.5564543461056435,0.4885501767432574,0.1198187978417026,-0.2355447760068945,-0.16000000000000003,0.036121673003802354
SHELL PILIPINAS CORPORATION,"Jun 30, 2025",PHP,114960112.0,117107764.0,81793398.0,84926922.0,44626253.0,44626253.0,50538237.0,50538237.0,33166714.0,32180842.0,0.0,0.0,7186585.0,6221266.0,170295909.0,190749347.0,166005658.0,184481921.0,1600249.0,2822818.0,1187047.0,2086089.0,1187047.0,2086089.0,0.6,1.08,0.6,1.08,20.56,19.95,0.8830195837658523,0.8830195837658523,0.8830195837658523,0.8830195837658523,2.466129083514273,2.639052203792555,0.7114937222747313,0.7252031726948522,0.28850627772526877,0.27479682730514776,0.006970496278921181,0.010936283834303244,0.010325729327751524,0.017813413293417506,inf,inf,1.4813478000091023,1.6288360436973248,-0.1072267786059577,-0.43097010721977824,-0.4444444444444445,0.030576441102756865
SM INVESTMENTS CORPORATION,"Jun 30, 2025",PHP,1726004174.0,1699052182.0,827879464.0,832627391.0,383800192.0,383800192.0,350519992.0,343167994.0,898124710.0,866424791.0,653542408.0,627304080.0,578587336.0,551900993.0,486384479.0,459144335.0,371327740.0,351428039.0,103148306.0,96588193.0,89969940.0,84974210.0,65075308.0,62009930.0,34.84,32.9,34.84,32.9,535.1,513.3,1.0949452264052317,1.1184032273126263,1.0949452264052317,1.1184032273126263,0.9217867572088068,0.9609921133939483,0.47965090494618934,0.4900540429664096,0.5203490950538107,0.5099459570335904,0.1849769963568266,0.18507080132002499,0.03770286826664418,0.036496777825273406,0.09957319862248327,0.098851469290619,0.28179797379794747,0.27023557008091936,0.05932806292818575,0.058791132038768,0.058966565349544225,0.04247029027858965
"SOLID GROUP, INC.","Jun 30, 2025",PHP,15815081624.0,15500926001.0,2909420062.0,2734246816.0,5354415747.0,5066355417.0,875212912.0,680352166.0,12905661562.0,12766679185.0,12605166845.0,12471767321.0,5882516131.0,5731763093.0,2505333061.0,1909697882.0,1879725908.0,1674419626.0,662375041.0,493635445.0,572201660.0,383412663.0,564470865.0,312428861.0,0.18,0.1,0.18,0.1,6.92,6.85,6.117843639628571,7.4466661093866495,6.117843639628571,7.4466661093866495,0.22543749873052807,0.21417055887270656,0.18396490964579293,0.17639248234741636,0.8160350903542071,0.8236075176525837,0.2283934495206823,0.20077137154200395,0.03569193497828007,0.020155496580000737,0.044780911822988254,0.025050889177023958,0.15841417202665967,0.12319895481578333,0.31190021448638755,0.49239113680499386,0.7999999999999998,0.010218978102189823
SP NEW ENERGY CORPORATION,"Jun 30, 2025",PHP,140229454882.0,91367157781.0,67377280830.0,25346374815.0,21538790786.0,6642423601.0,12938306042.0,10042122255.0,72852174052.0,66020782966.0,65594475914.0,62677856869.0,4121073803.0,3942292359.0,1090750755.0,1090520459.0,-294454637.0,913671.0,-284945799.0,578194653.0,-457850255.0,522104747.0,-607984937.0,194579747.0,0.0,0.0,0.0,0.0,1.45,1.31,1.6647303531143354,0.6614561576058008,1.6647303531143354,0.6614561576058008,0.9248492815315001,0.38391508970823796,0.4804788044473003,0.27741231565671876,0.5195211955526997,0.7225876843432812,-0.4197569911377233,0.4787665767213268,-0.004335643588656933,0.0021296464914273964,-0.009268843580625914,0.0031044416117590274,0.0077783284254926525,0.01193558479310359,0.0002111798986432404,-1.8769317988982008,0.0,0.1068702290076335
SPC POWER CORPORATION,"Jun 30, 2025",PHP,12670352352.0,11765137472.0,1247823068.0,624175550.0,6213457975.0,5477181346.0,1102273540.0,476360724.0,11422529284.0,11140961922.0,11407554393.0,11126158349.0,9865500059.0,9584104015.0,1826377438.0,2757766039.0,473945682.0,2374086277.0,1728505877.0,1447364135.0,1525576759.0,1394384782.0,1525345037.0,1361988252.0,0.59,0.49,0.59,0.49,7.63,7.44,5.636947408716715,11.497970067742193,5.636947408716715,11.497970067742193,0.10924227349085254,0.05602528348718649,0.09848369116609709,0.0530529754952276,0.9015163088339029,0.9469470245047724,0.8353020176763704,0.5056211303935054,0.12038694699435301,0.1157647545760866,0.13371358877201542,0.1224131644794012,0.14414574964142243,0.23440151426732092,-0.33773300121490113,0.09408592139956387,0.20408163265306117,0.025537634408602083
STENIEL MANUFACTURING CORPORATION,"Jun 30, 2025",PHP,4289077.0,4691140.0,3275105.0,3718495.0,3658089.0,3658089.0,3301214.0,3301214.0,1013972.0,972645.0,396924.0,388291.0,0.0,0.0,2461337.0,2565840.0,2360999.0,2391840.0,45066.0,183776.0,35039.0,133768.0,10701.0,9700.0,0.02,0.07,0.02,0.07,0.71,0.69,1.1081041701628553,1.1081041701628553,1.1081041701628553,1.1081041701628553,3.229975778423862,3.8230752227174354,0.7635920269092861,0.7926634037781861,0.23640797309071393,0.20733659622181388,0.014235758857889025,0.052134193870233526,0.0024949423850399513,0.0020677276738703173,0.02695982102367204,0.02498126405196103,0.5738616956515353,0.5469544716209706,-0.040728572319396375,-0.7380614197715447,-0.7142857142857143,0.02898550724637684
SUPERCITY REALTY DEVELOPMENT CORPORATION,"Jun 30, 2025",PHP,53876261.0,56152340.0,7640786.0,8612400.0,54255758.0,54255758.0,8437964.0,8437964.0,46235475.0,47539940.0,0.0,0.0,0.0,0.0,3072389.0,175272.0,6075286.0,4297698.0,-2094323.0,-3891097.0,-2094323.0,-3891097.0,0.0,0.0,0.0,0.0,0.0,0.0,0.42,0.43,6.429958459173327,6.429958459173327,6.429958459173327,6.429958459173327,0.16525808375495224,0.18116135611445872,0.14182101463945318,0.15337562067760666,0.8581789853605468,0.8466243793223933,-0.6816594513259877,-22.20033433748688,0.0,0.0,0.0,0.0,0.057026767317798835,0.0031213659128007843,16.529263088228582,-0.4617654096004289,0.0,-0.023255813953488393
"SWIFT FOODS, INC.","Jun 30, 2025",PHP,592047.0,591171.0,204439.0,201213.0,16167.0,15292.0,52404.0,49303.0,387608.0,389958.0,0.0,0.0,0.0,0.0,27713.0,29756.0,35366.0,39358.0,-2946.0,-4005.0,-2946.0,-4005.0,0.0,0.0,0.0,0.0,0.0,0.0,1.0,1.0,0.3085069841996794,0.31016368172322173,0.3085069841996794,0.31016368172322173,0.5274375141895936,0.5159863369901374,0.34530873393497474,0.34036344813937086,0.6546912660650253,0.6596365518606292,-0.10630390069642406,-0.1345947035891921,0.0,0.0,0.0,0.0,0.046808783762099966,0.050333998115604454,-0.06865842183089124,-0.2644194756554307,0.0,0.0
"SYNERGY GRID & DEVELOPMENT PHILS., INC.","Jun 30, 2025",PHP,544274388241.0,512336185280.0,355445759501.0,343615372503.0,58251361096.0,48817134627.0,109662741226.0,100970143968.0,188828628740.0,168720812777.0,116837775465.0,107006552886.0,96104539740.0,86382100681.0,65840436774.0,39731008936.0,20153123137.0,17850516814.0,38264227130.0,14521542457.0,38262771121.0,14514819595.0,17454425886.0,6608621349.0,1.85,0.88,1.85,0.88,22.19,20.32,0.5311864398497195,0.48348088562170805,0.5311864398497195,0.48348088562170805,1.8823721904500867,2.0365914960186915,0.6530635414422838,0.670683395737915,0.34693645855771615,0.329316604262085,0.581143944295791,0.3653272339089335,0.03206916633062537,0.012898993939669284,0.14939026198105473,0.06175903410364531,0.12096919898579983,0.07754870742593822,0.6571549159513647,1.6361175811086615,1.1022727272727273,0.09202755905511815
"THE KEEPERS HOLDINGS, INC.","Jun 30, 2025",PHP,21187137.0,20742570.0,3911526.0,3339315.0,15179077.0,14990454.0,3529689.0,3029539.0,17275611.0,17403255.0,0.0,0.0,11207860.0,11327400.0,14011104.0,12079607.0,11320293.0,9537742.0,3086970.0,2755193.0,2553053.0,2248614.0,0.0,0.0,0.11,0.1,0.11,0.1,1.19,1.2,4.300400686859381,4.9480973837933755,4.300400686859381,4.9480973837933755,0.22641896717864277,0.19187876061116152,0.1846179594722968,0.16098848889023876,0.8153820405277032,0.8390115111097612,0.18221640493140298,0.18614959907222148,0.0,0.0,0.0,0.0,0.6613023741716495,0.5823582612954904,0.15989733771967912,0.13538962222951562,0.09999999999999995,-0.008333333333333342
TKC METALS CORPORATION,"Sep 30, 2024",PHP,2815788591.0,3637396358.0,2696952741.0,3474619320.0,2004266911.0,2004266911.0,3430189168.0,3430189168.0,193506637.0,236749864.0,193506637.0,236749864.0,0.0,0.0,1775376.0,15295892.0,38456923.0,93427728.0,-58349595.0,-55939056.0,-58349595.0,-55942315.0,-57408867.0,-55296240.0,0.0,0.0,0.0,0.0,0.11,0.14,0.5843021515249563,0.5843021515249563,0.5843021515249563,0.5843021515249563,13.937262219073137,14.676330796118219,0.957796600788912,0.9552490237578888,0.06872200477638771,0.0650877277861947,-32.86604921999621,-3.65734244200992,-0.02038820214823436,-0.015202148613357136,-0.29667647523635066,-0.2335639778868046,0.0006305075621353706,0.00420517603652365,-0.8839311888446911,0.04303146911242411,0.0,-0.21428571428571436
"TOP FRONTIER INVESTMENT HOLDINGS, INC.","Jun 30, 2025",PHP,2767042.0,2827332.0,1941575.0,2062862.0,903036.0,903036.0,742748.0,742748.0,825467.0,764470.0,198958.0,163838.0,60038.0,39044.0,1076772.0,1185805.0,947077.0,1056550.0,115508.0,26905.0,90209.0,16062.0,27871.0,-17571.0,55.59,0.0,55.59,0.0,323.42,230.39,1.2158040142820983,1.2158040142820983,1.2158040142820983,1.2158040142820983,2.3520928153396805,2.6984211283634414,0.7016789047654499,0.7296143502071918,0.2983210952345501,0.2703856497928082,0.08377725275174318,0.0135452287686424,0.010072488961136116,-0.00621469286238758,0.14008484202696048,-0.10724618220437261,0.3891419067726475,0.419407766756787,-0.09194850755394016,4.616299340057278,inf,0.403793567429142
TOP LINE BUSINESS DEVELOPMENT CORP.,"Jun 30, 2025",PHP,4008485800.0,3127188764.0,2358681680.0,2143904603.0,3021063916.0,2136357016.0,1968039349.0,1829052676.0,1649804120.0,983284161.0,1648795534.0,982693882.0,166165762.0,122468582.0,2947442738.0,2390847927.0,2797089211.0,2290242730.0,152762143.0,124829741.0,114618685.0,93623230.0,114568293.0,93709429.0,0.0,0.01,0.0,0.01,0.18,0.11,1.5350627605769482,1.1680128429499643,1.5350627605769482,1.1680128429499643,1.429673772423359,2.1803509992672403,0.588422111910687,0.6855692971529237,0.41157788808931295,0.31443070284707636,0.03888750187485406,0.0391590067033151,0.02858143915590271,0.029966028939083258,0.06948605247738378,0.09535973584091165,0.7353007806588713,0.7645358523039257,0.23280226429892878,0.2242547602769099,-1.0,0.6363636363636362
UNIHOLDINGS INC.,"Jun 30, 2025",PHP,15179135776.0,3930945751.0,8502320977.0,2609375404.0,470412035.0,245921381.0,4175638996.0,1490094159.0,6676814799.0,1321570347.0,6602592514.0,1247144179.0,787945122.0,702263457.0,458224749.0,0.0,149669710.0,19301939.0,120700607.0,-38121391.0,120700607.0,-36976380.0,120943608.0,0.0,1.21,0.0,1.21,0.0,94.35,128.35,0.11265629894026404,0.1650374773397122,0.11265629894026404,0.1650374773397122,1.2734097369711992,1.9744506298309068,0.5601320854144523,0.6638034634123853,0.43986791458554775,0.33619653658761467,0.2634091835140053,-inf,0.007967753222896001,0.0,0.018317593845683145,0.0,0.0301878022413178,0.0,inf,-4.264262402106426,inf,-0.26490066225165565
UNIVERSAL ROBINA CORPORATION,"Sep 30, 2025",PHP,182851618.0,178687860.0,61335399.0,57447998.0,84292550.0,83868040.0,56463994.0,53170392.0,121516219.0,121239862.0,120114056.0,119892962.0,102436385.0,102940614.0,163359993.0,157021742.0,148017309.0,141871903.0,14235457.0,13448543.0,11376008.0,10263805.0,10681118.0,9441655.0,3.96,3.7,3.96,3.7,56.18,55.79,1.492854897937259,1.5773447748890022,1.492854897937259,1.5773447748890022,0.5047507197372558,0.47383754032976383,0.3354380982289148,0.3214991661996512,0.6645619017710852,0.6785008338003489,0.0696376621416726,0.06536550205894417,0.05841412899064421,0.0528388162463863,0.08892479661164718,0.07875070264758327,0.8934019550212566,0.8787487969244245,0.040365435507650906,0.10836166509398805,0.0702702702702702,0.006990500089621807
"VICTORIAS MILLING COMPANY, INC.","May 31, 2025",PHP,15947641.0,14404533.0,2644668.0,2033753.0,6575943.0,5389875.0,1857562.0,1227708.0,13307482.0,12370780.0,13307482.0,12370762.0,7777192.0,6840472.0,15097429.0,13313619.0,13761739.0,11789557.0,1680650.0,1907738.0,1656159.0,1794237.0,1661534.0,1791948.0,0.23,0.45,0.23,0.45,2.43,4.51,3.5400934127636114,4.390192944902208,3.5400934127636114,4.390192944902208,0.19873541816551019,0.16439973873919025,0.16583443281674073,0.14118840228975144,0.8344483049248475,0.8588115977102486,0.10969808170649453,0.13476703817346733,0.10418681985630351,0.1244016727234406,0.12485712924503674,0.14485348598574607,0.9466872874803239,0.9242659237894071,0.1339838551786708,-0.07695638870450225,-0.4888888888888889,-0.46119733924611966
VITARICH CORPORATION,"Jun 30, 2025",PHP,5632621385.0,5783607308.0,3152671872.0,3538652338.0,3206286572.0,3206286572.0,3128802760.0,3128802760.0,2479949513.0,2244954970.0,2479949513.0,2244954970.0,762937113.0,527942570.0,9044549558.0,9241525749.0,8665401743.0,8780171799.0,304505366.0,399825299.0,228373604.0,333450003.0,228373604.0,333450003.0,0.07,0.05,0.07,0.05,0.81,0.74,1.0247646841119509,1.0247646841119509,1.0247646841119509,1.0247646841119509,1.271264538037392,1.5762687382544693,0.5597166321875903,0.6118417364030345,0.4402833678124098,0.3881582635969655,0.025249859325277412,0.036081704694279695,0.04054481712691932,0.05765432977075836,0.09208800534158293,0.14853304741341872,1.6057442778039661,1.5978826460463418,-0.02131425008703939,-0.31511890254803804,0.4000000000000001,0.09459459459459468
VIVANT CORPORATION,"Jun 30, 2025",PHP,32039493482.0,31966645403.0,10045334574.0,10446497024.0,8752441327.0,8195538164.0,4328214478.0,3413758867.0,21994158908.0,21520148379.0,20430953160.0,20060208657.0,19645818668.0,19275074165.0,8421953475.0,9188654679.0,6273248290.0,7342684021.0,1942145878.0,1642067285.0,1769978853.0,1537544502.0,1634520907.0,1529567359.0,0.94,0.86,0.0,0.0,19.6,19.6,2.0221829050958595,2.4007372762102004,2.0221829050958595,2.4007372762102004,0.45672738002934865,0.4854286708447606,0.313529756007021,0.3267936592126623,0.686470243992979,0.6732063407873377,0.21016250662676572,0.1673307525109139,0.05101581608705159,0.047848854320399016,0.08000218561511302,0.07624882597949739,0.2628616298110802,0.2874450716726649,-0.08343998450091282,0.15117243806449512,0.09302325581395345,0.0
"WELLEX INDUSTRIES, INCORPORATED","Sep 30, 2025",PHP,1819795963.0,1820332744.0,422711675.0,418132170.0,62575938.0,60349587.0,14234212.0,14234212.0,1397084288.0,1402200574.0,1397084288.0,1402200574.0,0.0,0.0,24437164.0,31552412.0,31373261.0,31324485.0,-6603980.0,-41530.0,-6603980.0,-41530.0,-6596980.0,-41530.0,0.0,0.0,0.0,0.0,0.43,0.43,4.396164536540555,4.239756089062043,4.396164536540555,4.239756089062043,0.3025670524182432,0.2981971179823522,0.23228520317362633,0.22970095515680072,0.7677147968263737,0.7702990448431993,-0.2702433064655129,-0.0013162226710274954,-0.0036251206916211847,-2.2814510224510908e-05,-0.00472196277394539,-2.9617731421638972e-05,0.01342851863442671,0.01733332112164654,-0.22550567607953395,158.0170960751264,0.0,0.0
"ZEUS HOLDINGS, INC.","Jun 30, 2025",PHP,760125.0,710851.0,176590.0,265320.0,760125.0,710851.0,265320.0,265320.0,583535.0,445531.0,583535.0,445531.0,0.0,0.0,0.0,0.0,715238.0,707053.0,-715238.0,-707053.0,-715238.0,-707053.0,-715238.0,-707053.0,0.0,0.0,0.0,0.0,0.0,0.0,2.864936680235188,2.6792213176541533,2.864936680235188,2.6792213176541533,0.3026210938504117,0.5955141168627996,0.23231705311626377,0.3732427752088694,0.7676829468837362,0.6267572247911306,-inf,-inf,-0.94094787041605,-0.9946571081703479,-1.2256985442175705,-1.586989457523719,0.0,0.0,0.0,0.011576218473014046,0.0,0.0
